시군구명,위도,경도
은평구,37.608155,126.921463
은평구,37.58321448,126.8939923
은평구,37.60091568,126.9319959
은평구,37.63199016,126.925787
은평구,37.61209401,126.9200674
은평구,37.60326588,126.927312
은평구,37.59218566,126.9067785
은평구,37.61960504,126.9140179
은평구,37.62238207,126.9310756
은평구,37.60292818,126.9112576
은평구,37.61861937,126.9164484
은평구,37.61299788,126.9089174
은평구,37.60997237,126.9295333
은평구,37.62604567,126.9289395
은평구,37.63300437,126.9217255
은평구,37.61363087,126.9098752
은평구,37.58543677,126.9085149
은평구,37.64462051,126.9300865
은평구,37.602239,126.9132315
은평구,37.58840391,126.9186038
은평구,37.611026,126.929174
은평구,37.600581,126.921958
은평구,37.61717661,126.9059206
은평구,37.637515,126.9177904
은평구,37.59818739,126.9120947
은평구,37.5933429,126.9133437
은평구,37.6121646,126.919998
은평구,37.611389,126.927321
은평구,37.5907324,126.924523
은평구,37.6211896,126.9290475
은평구,37.61954385,126.9332431
은평구,37.60917058,126.9071921
은평구,37.60406763,126.914794
은평구,37.597677,126.9046048862
은평구,37.60349147,126.9321581
은평구,37.61104863,126.9084026
은평구,37.61105112,126.9084057
은평구,37.60507778,126.9085136
은평구,37.58798759,126.9205332
은평구,37.62408406,126.9251926
은평구,37.61357878,126.9202282
은평구,37.61246338,126.9261156
은평구,37.59759438,126.9168926
은평구,37.60323188,126.9272906
은평구,37.61789898,126.9238542
은평구,37.58426408,126.9044678
은평구,37.6342335,126.9266854
은평구,37.6342267,126.9266061
은평구,37.6390125,126.9186959
은평구,37.63448977,126.9190181
은평구,37.62952344,126.9301368
은평구,37.62066347,126.9247031788
은평구,37.61961705,126.9228401
은평구,37.61933885,126.9211102
은평구,37.60879855,126.9265632
은평구,37.60093764,126.9199717
은평구,37.58858075,126.9138709
은평구,37.58840547,126.9160053
은평구,37.59694549,126.9188663
은평구,37.5816542,126.9048558
은평구,37.62612523,126.9276676
은평구,37.618033,126.918187
은평구,37.61913445,126.9154328
은평구,37.60104548,126.9341043
은평구,37.612209,126.9321304
은평구,37.60997373,126.9139878
은평구,37.60540875,126.910488
은평구,37.61950535,126.9175505
은평구,37.61415704,126.9100768
은평구,37.593671,126.917791
은평구,37.63336308,126.9183396
은평구,37.59890333,126.9101334
은평구,37.58804666,126.9166582
은평구,37.5914802,126.917733
은평구,37.59780463,126.9078799
은평구,37.6034311,126.921604
은평구,37.60741702,126.9235818
은평구,37.6110097,126.9218438
은평구,37.61133444,126.9174463
은평구,37.61293665,126.9137026
은평구,37.59873518,126.9206563
은평구,37.63977313,126.9401203
은평구,37.645032,126.924858
은평구,37.59231434,126.9066086
은평구,37.6469476,126.9286616
은평구,37.64165262,126.940182285
은평구,37.58896526,126.9226651
은평구,37.64801161,126.9300741
은평구,37.645795,126.9264701
은평구,37.644114,126.922732
은평구,37.64225902,126.923143
은평구,37.61656015,126.9190375
은평구,37.61209921,126.9175247
은평구,37.6067999,126.9154127
은평구,37.60978524,126.9198037
은평구,37.63691325,126.9187605
은평구,37.63421352,126.9235869
은평구,37.619623,126.919952
은평구,37.620839,126.919083
은평구,37.622188,126.919049
은평구,37.582434,126.905371
은평구,37.621589,126.926707
은평구,37.623448,126.927469
은평구,37.6145004,126.9175201
은평구,37.599022,126.916948
은평구,37.609032,126.915513
은평구,37.610179,126.915162
은평구,37.602314,126.9161395
은평구,37.603974,126.915333
은평구,37.600599,126.915745
은평구,37.62572258,126.9181468
은평구,37.62347828,126.9169429
은평구,37.62070735,126.9163853
은평구,37.61488209,126.9127504
은평구,37.61045248,126.9110836
은평구,37.607386,126.910889
은평구,37.602752,126.910215
은평구,37.61249422,126.9155026
금천구,37.46935918,126.8970019
구로구,37.50641601,126.8838121
구로구,37.50243573,126.8797605
구로구,37.50364624,126.8875442
양천구,37.52570868,126.864113
동작구,37.49846478,126.9205327
동작구,37.50163381,126.9493491
동작구,37.49518192,126.9564432
양천구,37.51837597,126.8776902
영등포구,37.49231066,126.9087284
종로구,37.569998,126.975498
종로구,37.57341114,126.9711666
종로구,37.57219321,127.013539
종로구,37.57478743,126.9674235
종로구,37.60197543,126.9805513
종로구,37.57405626,127.016
종로구,37.58917094,126.9710886
종로구,37.58580932,126.9836738
종로구,37.5916275,126.963659
종로구,37.593134,126.9635966
종로구,37.595275,126.9634363
종로구,37.571613,126.9936943
종로구,37.59075347,126.9663641
종로구,37.59075347,126.9663641
종로구,37.59075347,126.9663641
종로구,37.57242047,127.0096783
종로구,37.57276226,126.9646032
종로구,37.578781,127.0087862
종로구,37.57679731,127.0218606
종로구,37.56741517,126.9656764
종로구,37.5744755,126.9887758
종로구,37.57215252,127.0106771
종로구,37.578332,126.986769
종로구,37.58185298,127.002874
종로구,37.58248711,127.0024716
종로구,37.57185254,126.9841704
종로구,37.58712095,126.9834481
종로구,37.581843,127.0022927
종로구,37.57062536,126.9760114
종로구,37.585041,126.9822176
종로구,37.5775997,127.0042955
종로구,37.57959889,127.0018254
종로구,37.58496996,127.0030976
종로구,37.583398,127.0013221
종로구,37.59154805,126.9984363
종로구,37.589879,126.9993371
종로구,37.58337305,127.0027363
종로구,37.58246148,127.00402
종로구,37.57236955,126.9913914
종로구,37.57167434,126.980701
종로구,37.58120109,126.9728749
종로구,37.58588676,127.0007091
종로구,37.58685452,127.000564
종로구,37.58863443,127.0002536
종로구,37.57421553,126.9599722
종로구,37.56870301,126.971984
종로구,37.57587364,127.005021
종로구,37.583035,126.998515
종로구,37.57946353,126.9818392
종로구,37.57209884,126.981492
종로구,37.574387,126.9841662
종로구,37.57404352,126.9851386
종로구,37.57287866,126.9861471
종로구,37.57167906,126.9868412
종로구,37.573543,126.991467
종로구,37.571712,126.9920218
종로구,37.569306,126.9920781
종로구,37.57371807,127.0056598
종로구,37.57328288,127.003683
종로구,37.584326,126.9973937
종로구,37.5700842,126.990433
종로구,37.57076582,126.993308
종로구,37.57025878,126.9941061
종로구,37.570772,127.000633
종로구,37.5707829,127.003371
종로구,37.57077915,127.0049208
종로구,37.571567,127.0110111
종로구,37.57158275,127.0130949
종로구,37.57155912,127.014138
종로구,37.574349,127.0154349
종로구,37.57086399,127.015626
종로구,37.57621831,127.0157865
종로구,37.58209615,127.0031785
종로구,37.58118552,127.0029999
종로구,37.56969962,126.974908
종로구,37.574267,126.9869285
종로구,37.57528783,126.9861675
종로구,37.57276352,126.9879025
종로구,37.572472,126.988537
종로구,37.57154252,126.9890539
종로구,37.56938028,126.9897716
종로구,37.57488095,126.9719863
종로구,37.57632648,126.969346
종로구,37.57070649,127.0073287
종로구,37.57465403,126.9685752
종로구,37.574786,126.9583625
종로구,37.60817976,126.957646
종로구,37.60512076,126.961184
종로구,37.57666968,126.9726876
종로구,37.577275,126.9719875
종로구,37.57844721,126.9713781
종로구,37.58222167,126.9703429
종로구,37.586539,126.9695943
종로구,37.598034,126.9619287
종로구,37.59310266,126.96558
종로구,37.60686264,126.9690062
종로구,37.60556086,126.967231
종로구,37.569667,126.997688
종로구,37.58177894,126.9845971
종로구,37.58002991,126.9851778
종로구,37.58479663,126.9711012
종로구,37.599703,126.959064
종로구,37.60044056,126.9567149
종로구,37.58564486,126.968775
종로구,37.57420982,126.964661
종로구,37.5794575,126.986666
종로구,37.60262269,126.960613
종로구,37.603958,126.9611197
종로구,37.57708069,126.9679377
종로구,37.577185,126.9690594
종로구,37.58919536,126.9973938
종로구,37.57476768,127.0138536
종로구,37.58643752,126.968635
종로구,37.57429156,127.0032042
종로구,37.591126,126.9949098
종로구,37.6107365,126.9563721
종로구,37.5838108,126.9671421
종로구,37.574936,126.970238
종로구,37.598687,126.960875
종로구,37.601661,126.9627355
종로구,37.57487529,127.0199617
종로구,37.580694,126.9675955
종로구,37.57422275,126.9876165
종로구,37.57184786,126.9761683
종로구,37.57486845,127.0150595
종로구,37.582096,127.0001329
종로구,37.57418871,127.0152967
종로구,37.58146041,127.005638
종로구,37.57345439,127.0065578
종로구,37.57894831,127.0144675
종로구,37.57875741,127.0109477
종로구,37.58145126,127.0146229
종로구,37.58145126,127.0146229
종로구,37.579708,127.0171383
종로구,37.5791427,127.0070356
종로구,37.58965533,127.001478
종로구,37.5739848,127.0013443
종로구,37.586262,127.0027406
종로구,37.57506182,126.9874209
종로구,37.58016659,126.985109
종로구,37.58129728,126.969487
종로구,37.579399,126.9719864
종로구,37.60584046,126.9602761
관악구,37.47962478,126.9562858
동작구,37.47691752,126.977537
양천구,37.52008282,126.8448493
양천구,37.53959273,126.8262153
강서구,37.5332369,126.845549
강서구,37.55156765,126.8644078
강서구,37.56919887,126.8161774
양천구,37.52139142,126.8403763
서대문구,37.58660301,126.946988
마포구,37.55503129,126.9377942
구로구,37.49709148,126.8572337
영등포구,37.53633216,126.8987743
중구,37.56020699,126.9829265
성북구,37.603285,127.0316301
동대문구,37.598573,127.0675393
중구,37.558826,127.006086
동작구,37.5090905,126.9631596
동작구,37.50783722,126.9656085
마포구,37.56397334,126.8847774
중구,37.55281234,127.0117835
은평구,37.59964368,126.9375026
성북구,37.59743153,127.03544
동작구,37.48915448,126.965561
강남구,37.46318928,127.0932523
성북구,37.59769185,127.0347307
중랑구,37.59019347,127.0868261
동작구,37.5153035,126.9522458
동작구,37.50504513,126.9766603
종로구,37.57404415,126.967268
송파구,37.51832853,127.0730667
서초구,37.4588448,127.0775524
강남구,37.46476211,127.0943281
동대문구,37.57855999,127.0757616
양천구,37.52707541,126.870746
중랑구,37.6165991,127.0980956
영등포구,37.50509899,126.8939976
노원구,37.63478143,127.1016921
성북구,37.61533339,127.058516
강동구,37.53486622,127.134362
동대문구,37.57364767,127.0377202
성북구,37.59177,127.013506
구로구,37.50156787,126.8471623
강남구,37.4743038,127.060405
강남구,37.4750296,127.047735
강남구,37.495228,127.053598
강동구,37.541057,127.1378287
중랑구,37.581231,127.0807092
강남구,37.4926466,127.0533774
동작구,37.49962,126.9429971
양천구,37.513825,126.828996
종로구,37.57272286,127.0160832
중구,37.56649182,126.9818658
강동구,37.53438895,127.1391394
용산구,37.519975,126.990862
양천구,37.54273046,126.8631374
강서구,37.54191308,126.8626072
영등포구,37.51872554,126.9117337
송파구,37.52243873,127.1009041
영등포구,37.54790297,126.8877116
광진구,37.565887,127.0777383
마포구,37.56044308,126.8967713
마포구,37.56675416,126.9161067
종로구,37.57044596,126.9983949
강동구,37.54757217,127.1726635
양천구,37.53539226,126.8877343
도봉구,37.66261894,127.0410483
용산구,37.54094231,126.9618319
관악구,37.48164117,126.9521444
구로구,37.48845942,126.8768618
마포구,37.5486026,126.959115
마포구,37.5526923,126.9124983
도봉구,37.64588348,127.0326169
도봉구,37.68837403,127.045344
광진구,37.55462765,127.0941654
중랑구,37.59437134,127.0768545
강동구,37.53145941,127.14984
강동구,37.53116592,127.1492308
송파구,37.50326237,127.1498419
송파구,37.50397814,127.1507228
광진구,37.55209156,127.0922874
광진구,37.56545885,127.0803204
광진구,37.56524214,127.082693
광진구,37.56507447,127.0832086
광진구,37.53766749,127.0915615
성북구,37.61723,127.0481687
성북구,37.59374656,127.0131036
강북구,37.63961367,127.0278494
강북구,37.624168,127.04988
강서구,37.53892662,126.8426011
강서구,37.54807449,126.8708478
관악구,37.481749,126.9526562
관악구,37.48865063,126.9288514
관악구,37.48267711,126.9017949
광진구,37.54546793,127.0855704
구로구,37.48584845,126.876156
구로구,37.50040335,126.8723489
금천구,37.46965559,126.8984435
금천구,37.47116193,126.8977407
도봉구,37.67180606,127.044096
도봉구,37.65109541,127.0357092
동대문구,37.59829668,127.0579424
동대문구,37.58625666,127.0331059
동작구,37.5131554,126.938856
서초구,37.49072223,127.0076418
서초구,37.501945,127.003763
서초구,37.493756,127.0130169
성북구,37.60410063,127.0258353
성북구,37.61282886,127.0071577
송파구,37.471056,127.1267712
송파구,37.48782867,127.1206324
양천구,37.51742089,126.8397119
은평구,37.63225081,126.9299824
중구,37.55964972,127.0061539
중구,37.55971887,126.972194
성북구,37.60603113,127.0476799
성북구,37.61607297,127.008607
성북구,37.61009725,127.0228134
성북구,37.61576919,127.0049329
성북구,37.58311613,127.0200452
성북구,37.608437,127.0043656
성북구,37.59784656,127.0099732
강서구,37.55553061,126.870358
강남구,37.52207791,127.061681
강남구,37.52207791,127.061681
서초구,37.50719502,126.991688
서초구,37.50719502,126.991688
용산구,37.51767516,126.9926663
용산구,37.51767516,126.9926663
성동구,37.54181056,127.030807
성동구,37.54181056,127.030807
중랑구,37.57581551,127.0792235
중랑구,37.57581551,127.0792235
노원구,37.64253762,127.0569697
노원구,37.64253762,127.0569697
성동구,37.5586462,127.0694239
광진구,37.53035265,127.0655225
용산구,37.53322953,126.948749
강남구,37.50764839,127.0340403
강남구,37.5009805,127.0361358
강동구,37.53933917,127.123316
강북구,37.609331,127.030497
강동구,37.54672703,127.13482
강동구,37.55344749,127.12566
강동구,37.56220877,127.179837
동작구,37.499297,126.9588857
동작구,37.4852085,126.9731479
동작구,37.49940448,126.944007
동작구,37.49958958,126.9256371
강동구,37.55092811,127.1258884
강동구,37.56911869,127.1785941
강동구,37.54821683,127.124733
강동구,37.556251,127.165844
양천구,37.515522,126.8714616
양천구,37.52026763,126.872409
양천구,37.51387165,126.8420464
은평구,37.61233381,126.9317378
은평구,37.5940291,126.9215658
은평구,37.600895,126.9332469
은평구,37.60369969,126.9279017
은평구,37.58351873,126.8936727
은평구,37.59358279,126.9131406
은평구,37.610323,126.9109738
강동구,37.54361527,127.13225
은평구,37.65844348,126.94666
은평구,37.619177,126.9156493
은평구,37.61353085,126.9247576
은평구,37.62147569,126.926098
은평구,37.60891499,126.9107892
성북구,37.59647483,127.01479
성북구,37.61095861,127.0480039
중구,37.56378783,126.9720891
중구,37.564824,127.0225307
중구,37.555358,127.011863
중구,37.55997122,127.0117048
중구,37.56106256,127.0189744
중구,37.56194948,127.0012351
중구,37.56908888,126.9746579
중구,37.55769318,126.9673958
중구,37.56074976,126.986468
중구,37.56115495,126.985868
중구,37.56771654,127.0163481
중구,37.56729928,127.0156879
관악구,37.46854619,126.9396164
관악구,37.46058867,126.9206174
관악구,37.4760123,126.9588358
송파구,37.49895742,127.102543
송파구,37.48944215,127.1110274
송파구,37.4971706,127.128468
송파구,37.49534146,127.1531241
송파구,37.5059047,127.1097315
송파구,37.4970445,127.1409942
송파구,37.5065796,127.1345988
송파구,37.48762503,127.1449361
송파구,37.50002115,127.1076044
강동구,37.54122987,127.146891
강동구,37.55716556,127.1518605
강동구,37.56039822,127.155299
영등포구,37.50373971,126.9175044
영등포구,37.50427217,126.902556
영등포구,37.50622235,126.899864
영등포구,37.50306231,126.9010444
영등포구,37.50397312,126.9106397
영등포구,37.50550832,126.912688
영등포구,37.51455515,126.9169314
영등포구,37.50553783,126.9215852
영등포구,37.50893482,126.9017345
영등포구,37.50697861,126.9081776
영등포구,37.50681131,126.9214484
영등포구,37.50164288,126.909268
영등포구,37.50567661,126.8974264
영등포구,37.50286314,126.896988
영등포구,37.49637821,126.9080933
영등포구,37.49787218,126.8958365
영등포구,37.494386,126.9091056
영등포구,37.49895718,126.9183009
노원구,37.66637024,127.050808
노원구,37.66637024,127.050808
노원구,37.63970069,127.055157
노원구,37.63970069,127.055157
서대문구,37.58581418,126.9487231
중구,37.55554538,126.9673876
중구,37.56005468,127.001901
송파구,37.52990237,127.1149819
서대문구,37.55866771,126.9534505
서대문구,37.55909644,126.9544565
서대문구,37.596293,126.948955
서대문구,37.57411393,126.9193315
서대문구,37.59722018,126.95633
서대문구,37.59405017,126.9550799
송파구,37.5166909,127.1377123
송파구,37.50998678,127.131249
송파구,37.51855781,127.1341633
강동구,37.55239614,127.153459
강동구,37.55050418,127.1683761
강동구,37.5738759,127.1719805
영등포구,37.51843184,126.9336583
영등포구,37.52855097,126.9042621
영등포구,37.52041829,126.8841404
영등포구,37.52680882,126.9222841
영등포구,37.52832518,126.8932644
영등포구,37.53243219,126.8958797
영등포구,37.52854038,126.9077679
영등포구,37.52500527,126.8858783
영등포구,37.52378112,126.8974413
영등포구,37.53291197,126.9164039
영등포구,37.51613779,126.8851416
영등포구,37.54028033,126.8917458
영등포구,37.52474272,126.8935942
영등포구,37.52364629,126.8882263
송파구,37.47908713,127.1450414
서초구,37.46598,126.988833
서초구,37.47529379,127.0004414
서초구,37.49756689,127.0000539
서초구,37.48076743,126.9827869
서초구,37.49079911,126.9865192
서초구,37.48808173,126.987041
서초구,37.47837133,126.9844171
마포구,37.57875802,126.8808063
마포구,37.55743355,126.9030735
마포구,37.56044,126.9006975
마포구,37.55432192,126.9242041
송파구,37.49864334,127.1544657
송파구,37.52629486,127.1134884
송파구,37.48920968,127.1449643
송파구,37.501416,127.1493209
송파구,37.48700113,127.1272093
송파구,37.48988343,127.1285753
송파구,37.521759,127.1048002
송파구,37.52018633,127.1113114
송파구,37.503102,127.1394874
송파구,37.50738218,127.1295058
송파구,37.50611402,127.0826581
송파구,37.505215,127.0779591
송파구,37.50753416,127.0932143
송파구,37.47813402,127.1311867
송파구,37.53411097,127.1172541
서초구,37.46354327,127.0906608
금천구,37.4509984,126.9008447
금천구,37.44746558,126.9055353
금천구,37.451987,126.914017
금천구,37.44144269,126.9080871
금천구,37.45823,126.8962056
금천구,37.45823,126.8962056
금천구,37.45934816,126.9093508
금천구,37.45934816,126.9093508
금천구,37.4539553,126.912463
금천구,37.45481034,126.9128749
금천구,37.45539073,126.888823
금천구,37.453591,126.9059415
종로구,37.57560348,126.9678331
종로구,37.57218604,126.9768172
송파구,37.4826822,127.1399382
송파구,37.4829126,127.1404679
송파구,37.48513652,127.1409833
송파구,37.48517842,127.1408433
송파구,37.48532473,127.1414758
송파구,37.485093,127.141257
송파구,37.48841372,127.1422779
송파구,37.48451735,127.1473596
송파구,37.48424871,127.1477111
송파구,37.48748126,127.1495323
송파구,37.48977528,127.1504283
송파구,37.47783301,127.1397345
용산구,37.546081,126.9889943
용산구,37.54451075,126.9911667
용산구,37.54249781,126.992924
용산구,37.5317332,126.9963015
용산구,37.54004215,127.0021316
용산구,37.5193449,126.975026
용산구,37.53522182,126.9531842
용산구,37.537913,127.0127724
용산구,37.53415926,127.0008203
용산구,37.53407082,127.0005039
용산구,37.52477457,126.9650134
용산구,37.53386336,126.9500703
용산구,37.53481688,126.9718978
용산구,37.55182894,126.9809186
용산구,37.55153202,126.9812468
서대문구,37.56453854,126.9640861
서대문구,37.56844558,126.961683
서대문구,37.56402575,126.953419
마포구,37.54597292,126.9529893
마포구,37.53871982,126.9506496
마포구,37.55347778,126.960332
마포구,37.55551221,126.9396496
서초구,37.48860721,127.0171022
서초구,37.48737254,127.0234767
서초구,37.50786022,127.011582
서초구,37.50786022,127.011582
서초구,37.4619569,127.0518676
서초구,37.453525,127.059029
강남구,37.49562649,127.077191
강남구,37.477837,127.056883
강남구,37.49115148,127.1015822
강남구,37.46728874,127.0971653
성북구,37.62144228,127.0463268
성북구,37.60822204,127.020227
성북구,37.592136,127.0128115
성북구,37.58740244,127.024473
성북구,37.61017145,127.0579599
성북구,37.61049908,127.0163726
성북구,37.610001,127.019537
성북구,37.58998063,127.00599389999999
성북구,37.59860597,127.0206419
성북구,37.59290152,126.998604
금천구,37.46611333,126.885803
영등포구,37.54103473,126.8889181
영등포구,37.54103473,126.8889181
금천구,37.46611333,126.8858457
서초구,37.50646034,127.0021941
서초구,37.5061229,127.0026246
서초구,37.50995205,127.0109937
서초구,37.5100826,127.0106053
서초구,37.50904433,127.0095245
서초구,37.4546157,127.0647707
서초구,37.45324439,127.0624773
서초구,37.47416538,127.0318925
용산구,37.54795838,126.9842372
용산구,37.54666107,126.9853713
관악구,37.47200331,126.9367542
관악구,37.47706491,126.940391
관악구,37.48409831,126.9606845
영등포구,37.52063683,126.9344042
영등포구,37.53118834,126.9060668
영등포구,37.53209589,126.9050195
영등포구,37.523089,126.8838353
영등포구,37.53583379,126.897386
영등포구,37.53495687,126.9027307
영등포구,37.53345363,126.9068711
동작구,37.49821091,126.9211397
동작구,37.504606,126.9229638
동작구,37.49607411,126.9534246
동작구,37.48266561,126.9780778
동작구,37.50074,126.944286
동작구,37.51090746,126.9536521
동작구,37.50501943,126.9523906
동작구,37.49855159,126.9491779
동작구,37.48815254,126.96487
동작구,37.48516392,126.9724096
동작구,37.49960807,126.9601642
동작구,37.48960968,126.9691902
동작구,37.50181239,126.9603172
동작구,37.488199,126.96487
동작구,37.48792901,126.9667631
강남구,37.50820284,127.0271935
강남구,37.53173911,127.0308417
강남구,37.50397984,127.0623438
관악구,37.48602025,126.9196051
관악구,37.485028,126.915551
관악구,37.47700549,126.9137431
관악구,37.47107787,126.9178349
관악구,37.46872291,126.941688
성동구,37.55656776,127.0287459
성동구,37.55961422,127.0498462
성동구,37.54998677,127.0272519
성동구,37.548333,127.0652898
성동구,37.546294,127.0573991
성동구,37.54588761,127.0504872
성동구,37.570867,127.0381863
구로구,37.47596864,126.8181019
구로구,37.47806907,126.822983
구로구,37.47819948,126.823761
구로구,37.48177404,126.8246193
중구,37.555448,126.9648157
중구,37.56744648,127.0165271
중구,37.55874823,127.0132388
중구,37.55826586,126.9870414
중구,37.559908,127.0147771
중구,37.558585,127.0125639
중구,37.563074,127.0031915
중구,37.553194,127.0098727
용산구,37.55405919,126.9661131
성북구,37.60548606,127.0088475
종로구,37.58564486,126.968775
종로구,37.57713352,126.9690594
종로구,37.58823979,126.9994906
종로구,37.576411,127.0157196
종로구,37.58005086,126.9847891
종로구,37.585282,126.9703917
송파구,37.48639647,127.1520037
송파구,37.4839519,127.1487771
성북구,37.59401101,126.9993311
성북구,37.59654704,127.0230197
성북구,37.58562935,127.0132289
성북구,37.61028784,126.9985206
성북구,37.60998356,127.0148366
성북구,37.60925263,127.033119
성북구,37.60837653,127.0359097
성북구,37.60758948,127.0472529
성북구,37.60881368,127.0697321
성북구,37.59881357,127.0401781
성북구,37.6091602,127.0382341
성북구,37.61102206,127.0583553
강남구,37.49961577,127.0659154
강남구,37.48119739,127.0517714
강남구,37.48632828,127.0860547
강남구,37.49137626,127.0877471
강남구,37.49191891,127.0605481
강남구,37.48978362,127.0690768
강남구,37.4923004,127.0811328
강남구,37.47591562,127.0525106
성동구,37.538273,127.0583781
성동구,37.54394485,127.0492339
성동구,37.56621082,127.0330284
성동구,37.56189652,127.0572515
성동구,37.55486446,127.0709278
금천구,37.47655434,126.9078754
금천구,37.45534373,126.9060413
금천구,37.44900828,126.9165259
금천구,37.477244,126.9102604
금천구,37.477104,126.8967405
금천구,37.466709,126.9088159
강서구,37.54963819,126.8459842
강서구,37.575819,126.8199982
강서구,37.56711199,126.8513773
강서구,37.56361691,126.8473931
강서구,37.56466725,126.8457024
강서구,37.55185777,126.8247079
강서구,37.553575,126.863366
강서구,37.56929214,126.8063267
강서구,37.563617,126.822243
강서구,37.55782959,126.8226104
강서구,37.55492273,126.8373958
강서구,37.55046015,126.831714
서대문구,37.58500184,126.9439749
서대문구,37.58426675,126.9436489
서대문구,37.55908091,126.9530017
서대문구,37.5964856,126.9496637
서대문구,37.59468497,126.9519089
송파구,37.48772355,127.158316
송파구,37.48910135,127.1562715
송파구,37.48628174,127.1524745
광진구,37.5315884,127.0823197
광진구,37.53567539,127.0691796
광진구,37.56506217,127.0804159
광진구,37.55304416,127.0722815
광진구,37.53051598,127.0745264
금천구,37.46663228,126.8995297
금천구,37.473808,126.8988152
금천구,37.46754839,126.8909461
금천구,37.47006899,126.9073405
마포구,37.55527,126.9556055
마포구,37.56697656,126.9050853
마포구,37.57633795,126.892379
마포구,37.5858088,126.8808619
마포구,37.55365679,126.9103013
마포구,37.54824385,126.924449
마포구,37.57112292,126.9038429
마포구,37.56600111,126.9108276
마포구,37.54271029,126.945999
마포구,37.54453582,126.9377793
마포구,37.55964474,126.9132084
마포구,37.558868,126.9128816
용산구,37.54031509,126.9619943
용산구,37.53254047,126.9963911
용산구,37.548364,126.9781039
용산구,37.52206892,126.9923004
용산구,37.52062959,126.9753663
용산구,37.539708,127.0015318
용산구,37.5354052,126.953271
용산구,37.53369647,126.9503205
용산구,37.537825,127.0121598
용산구,37.54996115,126.9814003
강서구,37.56802011,126.8414787
송파구,37.5139135,127.0780584
광진구,37.56318777,127.0867352
광진구,37.53739033,127.0792492
광진구,37.56407044,127.0835291
광진구,37.551208,127.0712779
중랑구,37.60493329,127.1012262
중랑구,37.6059939,127.100671
중랑구,37.575208,127.083998
중랑구,37.5900434,127.0757754
중랑구,37.61531513,127.0898585
중랑구,37.60457824,127.1044913
중랑구,37.590607,127.0872878
중랑구,37.61515971,127.0925133
중랑구,37.61774881,127.0868142
중랑구,37.60195343,127.0833938
중랑구,37.61655923,127.1097561
노원구,37.61869442,127.0578029
노원구,37.64487286,127.058358
노원구,37.64058745,127.0759798
노원구,37.62070936,127.0692435
노원구,37.65107988,127.0734747
노원구,37.65473265,127.0739453
노원구,37.62979163,127.052769
노원구,37.64398229,127.0627694
강남구,37.49906414,127.0518992
강남구,37.48637269,127.0377461
강남구,37.50824961,127.0271935
강남구,37.51748013,127.044875
서대문구,37.58020752,126.9518281
서대문구,37.58047729,126.9525194
서대문구,37.58015023,126.9341504
서대문구,37.57995043,126.933249
강북구,37.638707,127.0137365
강북구,37.63039427,127.0179922
강북구,37.623837,127.0183655
강북구,37.62317565,127.0317169
강북구,37.61737037,127.0157735
강북구,37.62480918,127.0449183
성북구,37.60153044,127.0286799
성북구,37.58332938,127.0179315
양천구,37.51652866,126.8447962
중랑구,37.58352181,127.0837025
동작구,37.50615814,126.9533591
동작구,37.50034777,126.9372695
동작구,37.50000437,126.925146
동작구,37.48772774,126.9123718
동작구,37.48825931,126.9751885
동작구,37.50973084,126.9259178
동작구,37.51030426,126.9468658
동작구,37.5089572,126.9323686
동작구,37.50545264,126.9596777
동작구,37.49471976,126.9167677
동작구,37.49246782,126.9769273
동작구,37.48165807,126.9793703
강동구,37.5615047,127.1659637
강동구,37.55542142,127.1291396
강동구,37.55871279,127.1530934
강동구,37.55117453,127.1687422
송파구,37.50797402,127.137365
강남구,37.47219072,127.0996009
강남구,37.47219072,127.0996009
관악구,37.46326397,126.9325353
관악구,37.47762136,126.9135543
관악구,37.47711829,126.91762
관악구,37.47943249,126.9278628
관악구,37.47385138,126.9174845
양천구,37.514999,126.8712369
양천구,37.51051775,126.8596245
양천구,37.53466729,126.8694745
양천구,37.51130088,126.8425702
양천구,37.51275813,126.8349957
양천구,37.53763954,126.8722216
양천구,37.51491917,126.8549857
양천구,37.51131231,126.854213
양천구,37.51634172,126.8334319
양천구,37.54209971,126.8295837
양천구,37.52700952,126.8730442
양천구,37.53637527,126.8811263
광진구,37.55402501,127.0977191
광진구,37.54865032,127.0888376
광진구,37.54625622,127.0899876
노원구,37.66529134,127.0625329
노원구,37.65913138,127.0582807
노원구,37.65962296,127.0654841
노원구,37.67055214,127.0516742
노원구,37.66754054,127.0659102
노원구,37.66203133,127.070024
강동구,37.53082718,127.1297809
강동구,37.55171846,127.164857
영등포구,37.49307625,126.9011523
영등포구,37.52245561,126.9053456
영등포구,37.51891054,126.8946087
영등포구,37.53202744,126.8998142
영등포구,37.52628923,126.8894135
영등포구,37.52058349,126.8867836
영등포구,37.49275105,126.9038292
영등포구,37.53980714,126.8946571
영등포구,37.51017196,126.9181221
영등포구,37.50202191,126.9042101
영등포구,37.49884498,126.9125903
영등포구,37.5333918,126.8938034
영등포구,37.51031206,126.8985968
양천구,37.52370762,126.868623
구로구,37.51215759,126.8853091
구로구,37.50510665,126.8880803
구로구,37.49917235,126.8641089
구로구,37.49522609,126.8254678
구로구,37.49651575,126.8441958
구로구,37.49522609,126.8254678
구로구,37.49034765,126.8389645
강동구,37.55465058,127.1740559
강동구,37.56061697,127.1621246
강동구,37.54468243,127.1338815
강동구,37.56186962,127.1802553
강동구,37.54698867,127.1343449
강동구,37.55128785,127.1505002
강동구,37.56525568,127.1772125
강동구,37.54181449,127.1492919
강동구,37.55297253,127.1474362
서초구,37.49074049,127.0154245
서초구,37.48068775,127.0106544
서초구,37.50181411,126.9980045
서초구,37.5024389,127.0146195
서초구,37.48672641,126.987138
서초구,37.4785759,126.9854218
서초구,37.47567204,126.9897809
서초구,37.485734,126.9971632
서초구,37.471062,127.0245294
서초구,37.45709422,127.0192756
서초구,37.501755,126.9901423
서초구,37.50618948,127.0125656
서초구,37.45950249,127.0943378
서초구,37.49615482,126.9983571
서초구,37.5050048,126.995679
구로구,37.50727521,126.878181
구로구,37.48907226,126.8248882
구로구,37.48917223,126.8238898
구로구,37.48950108,126.8400577
구로구,37.48125086,126.8379424
구로구,37.48276551,126.8421139
구로구,37.49967177,126.8902724
관악구,37.46106525,126.9198754
관악구,37.47713021,126.9131617
관악구,37.48379618,126.9099835
관악구,37.47068887,126.919626
서대문구,37.57508421,126.9180656
서대문구,37.57487163,126.9174111
서대문구,37.57378321,126.918388
서대문구,37.56511029,126.9628606
서대문구,37.56866745,126.9615328
서대문구,37.55872923,126.9478603
서대문구,37.58245209,126.9250708
서대문구,37.5830221,126.9257045
서대문구,37.57872349,126.9086027
서대문구,37.57789224,126.9102044
서대문구,37.57958728,126.9187918
서대문구,37.57958728,126.9187918
서대문구,37.56488513,126.9640232
서대문구,37.56852796,126.9319654
서대문구,37.56993316,126.9337074
서대문구,37.56396079,126.953651
서대문구,37.58075973,126.9315574
서대문구,37.5935993,126.944959
관악구,37.48595595,126.9421391
관악구,37.49124068,126.9555874
관악구,37.49124068,126.9555874
관악구,37.48046638,126.956006
관악구,37.49225315,126.9593512
관악구,37.47954406,126.9634871
관악구,37.48466735,126.9463951
관악구,37.47675499,126.9598639
서초구,37.47233002,127.0430052
서초구,37.46377394,127.0242315
서초구,37.46329893,127.0214626
서초구,37.46505828,127.021237
서초구,37.49977278,127.0250408
서초구,37.47100299,127.026527
서초구,37.51730271,127.0110745
서초구,37.48976396,127.0140806
관악구,37.47672527,126.9512846
관악구,37.47680652,126.9620373
관악구,37.4759688,126.9614876
관악구,37.47492749,126.9641214
관악구,37.47377788,126.9749175
관악구,37.47269963,126.975261
관악구,37.48132849,126.9566722
관악구,37.48655704,126.9590063
관악구,37.48900209,126.9597485
관악구,37.49333787,126.9606819
관악구,37.46334042,126.931522
관악구,37.49050398,126.9449727
관악구,37.48480669,126.9468931
관악구,37.486083,126.939426
관악구,37.489817,126.9287953
서초구,37.49281526,127.026183
서초구,37.487334,127.0115224
광진구,37.540776,127.1006653
광진구,37.546811,127.1026287
광진구,37.54422859,127.0715827
광진구,37.543093,127.0803118
광진구,37.53118109,127.0888666
광진구,37.53225979,127.0909604
광진구,37.53225979,127.0909604
광진구,37.56928402,127.0865771
광진구,37.54591036,127.0979371
광진구,37.55658893,127.0818423
강서구,37.53773198,126.855427
강서구,37.53453435,126.8378185
강서구,37.56081,126.8423822
강서구,37.55981354,126.850069
강서구,37.546651,126.8602321
강서구,37.55448291,126.8672587
강서구,37.55089501,126.8669778
강서구,37.55356537,126.8305342
강서구,37.56253133,126.8362522
강서구,37.56340309,126.8312303
강남구,37.52336057,127.0239924
강남구,37.52048105,127.0599597
강남구,37.48553054,127.0847979
강남구,37.48632828,127.0860547
서초구,37.49300713,127.0254533
서초구,37.48529778,127.022115
노원구,37.65023685,127.0802671
노원구,37.6641671,127.0545948
노원구,37.66290401,127.0620747
노원구,37.64503406,127.0661389
노원구,37.68382665,127.0557531
강서구,37.54088029,126.847849
강서구,37.55189482,126.8715134
강서구,37.533516,126.8522486
강서구,37.55086512,126.8381642
강남구,37.49924225,127.0441857
동작구,37.49200798,126.9795507
노원구,37.62307787,127.0893658
동작구,37.49366559,126.9797545
동작구,37.4930603,126.9804783
송파구,37.49941892,127.0906283
송파구,37.50561597,127.0713275
송파구,37.50565876,127.0716477
송파구,37.49922321,127.0902181
송파구,37.49531269,127.1006758
송파구,37.49640321,127.0980827
송파구,37.4991023,127.0901276
송파구,37.49922321,127.0902181
송파구,37.50233514,127.0787898
송파구,37.50200262,127.0807742
강남구,37.48950752,127.0750538
강남구,37.48224998,127.0614811
서초구,37.47706697,127.0009475
서초구,37.48855383,127.0278739
노원구,37.64872348,127.0669678
노원구,37.65298873,127.0635586
노원구,37.64827975,127.0582136
노원구,37.66751782,127.0758263
노원구,37.66857502,127.0611141
노원구,37.64797004,127.080838
노원구,37.64466418,127.0694715
동작구,37.501601,126.94555
서초구,37.49998614,127.0117882
서초구,37.500198,127.012383
서초구,37.50446749,127.0124545
영등포구,37.525612,126.9059825
영등포구,37.525612,126.9059825
양천구,37.526428,126.8380992
양천구,37.52585364,126.8367359
영등포구,37.52551258,126.9053296
영등포구,37.52551258,126.9053296
강남구,37.50165709,127.0707726
강남구,37.490136,127.07367
송파구,37.52582845,127.1177878
송파구,37.526442,127.1156732
노원구,37.62992285,127.0689401
노원구,37.63758482,127.1073781
노원구,37.62336595,127.0821211
노원구,37.63446529,127.0714705
노원구,37.63753357,127.0639651
노원구,37.63251462,127.0659521
영등포구,37.508636,126.911046
영등포구,37.51175455,126.9023259
송파구,37.48429813,127.1264379
송파구,37.51273309,127.1200163
송파구,37.53442455,127.117003
송파구,37.53037691,127.113886
송파구,37.502641,127.1052122
송파구,37.52293043,127.106515
송파구,37.50893314,127.1312464
송파구,37.50169984,127.0932689
송파구,37.50733791,127.0838499
송파구,37.51048613,127.120846
송파구,37.50582689,127.0757679
강남구,37.47876,127.056093
강남구,37.480248,127.052524
강남구,37.47781,127.055487
강남구,37.47696705,127.0554008
동작구,37.49233562,126.9624478
노원구,37.6285066,127.0631172
노원구,37.63028445,127.0492646
노원구,37.65624892,127.0727828
노원구,37.67218253,127.0571883
노원구,37.66627793,127.0797295
노원구,37.67399936,127.0548964
노원구,37.63319251,127.0595343
노원구,37.61945241,127.0732331
노원구,37.62668094,127.0751054
양천구,37.54069543,126.876258
양천구,37.54293497,126.8824459
양천구,37.51684812,126.8537394
은평구,37.61857514,126.916984
은평구,37.6363331,126.9324633
은평구,37.64857919,126.9281777
은평구,37.62483357,126.928983
용산구,37.52438988,126.9673581
서대문구,37.55764405,126.9517294
서대문구,37.558053,126.9513991
서대문구,37.57805476,126.9210192
양천구,37.52978682,126.831146
양천구,37.53877717,126.8243
양천구,37.52584419,126.8422639
양천구,37.51391281,126.8321696
강서구,37.56547682,126.8506223
강서구,37.56129159,126.8602755
강서구,37.57591915,126.8146456
강서구,37.57942097,126.8103512
강서구,37.56355917,126.8107297
강서구,37.57368435,126.8056972
강서구,37.57046109,126.8185198
영등포구,37.52684831,126.9051766
영등포구,37.50750302,126.9072907
영등포구,37.49850189,126.898631
영등포구,37.52101442,126.9239916
영등포구,37.48734601,126.9025161
영등포구,37.50179926,126.9133745
강남구,37.5135684,127.0305413
중랑구,37.59802,127.0931359
은평구,37.580219,126.9054137
성동구,37.54865355,127.0156896
성북구,37.602632,127.03787
동대문구,37.57913038,127.0422892
중구,37.56752502,126.9980596
관악구,37.485494,126.9555401
종로구,37.58203191,126.9970157
강서구,37.54921773,126.8756771
동작구,37.50478723,126.9397359
노원구,37.65115871,127.0773379
은평구,37.57855212,126.9020341
금천구,37.44888336,126.9032311
서초구,37.47230907,127.0382419
영등포구,37.5310483,126.8935067
성북구,37.58045726,127.022269
은평구,37.61455977,126.9100603
광진구,37.56467875,127.0764092
강동구,37.56496233,127.1746034
강북구,37.628681,127.0182683
종로구,37.57272193,126.9601959
양천구,37.52584826,126.8512402
양천구,37.52423449,126.8478515
양천구,37.53515661,126.8818744
양천구,37.52268218,126.8732864
양천구,37.51942468,126.8640382
양천구,37.52298709,126.8614024
양천구,37.54308272,126.8737046
은평구,37.60227334,126.9150723
은평구,37.60928789,126.915265
은평구,37.64543483,126.9292166
은평구,37.63138086,126.9243463
은평구,37.63500589,126.920988
은평구,37.59452719,126.9195878
은평구,37.5868254,126.9199703
은평구,37.58654498,126.9226221
은평구,37.63293843,126.9291989
은평구,37.61603257,126.913929
은평구,37.603142,126.937484
강서구,37.53891217,126.8390998
강서구,37.54378035,126.8466786
강서구,37.55246805,126.8542399
강서구,37.56083782,126.8537794
영등포구,37.51811729,126.925196
노원구,37.66290401,127.0620747
성북구,37.62128579,127.051719
성북구,37.61773337,127.048082
성북구,37.60995927,127.0264414
성북구,37.60995927,127.0264414
서초구,37.47810592,126.9818632
송파구,37.471056,127.1267712
종로구,37.57624195,126.97215
강남구,37.46734665,127.0932645
구로구,37.49436059,126.8410505
종로구,37.5768624,126.9869066
마포구,37.547723,126.9320618
성동구,37.544467,127.0316913
서초구,37.45411333,127.0614366
서초구,37.46453818,127.025583
서초구,37.47229555,127.0237234
서초구,37.47206637,127.0481829
서초구,37.4741697,127.0309145
서초구,37.493262,127.0215669
서초구,37.51389604,127.0097174
서초구,37.4620461,127.0232663
서초구,37.45758224,127.0221668
서초구,37.45609447,127.0162163
서초구,37.50020385,127.0185902
서초구,37.509269,127.004475
강남구,37.50994254,127.0366781
강남구,37.51136781,127.0485167
은평구,37.60115621,126.9339215
은평구,37.60341276,126.9267893
은평구,37.58256527,126.9042764
은평구,37.59217,126.9061551
은평구,37.59755372,126.9046049
은평구,37.59767912,126.9182757
은평구,37.59051222,126.9251126
은평구,37.60656331,126.9350586
은평구,37.58941333,126.9222745
은평구,37.64425564,126.9257277
은평구,37.62508244,126.9285608
은평구,37.61911322,126.915253
은평구,37.64266166,126.9190801
은평구,37.61878209,126.9325207
은평구,37.62134929,126.9299179
도봉구,37.64825635,127.0238027
도봉구,37.66521957,127.030539
도봉구,37.63319504,127.0408842
관악구,37.4644762,126.9259406
관악구,37.46836617,126.9258437
관악구,37.47962401,126.9443704
관악구,37.47290457,126.9509181
관악구,37.48241713,126.9467091
관악구,37.48412777,126.9095867
서초구,37.47971455,127.0085923
서초구,37.47367918,127.0335724
서초구,37.5024389,127.0146195
서초구,37.51165835,127.0044694
서초구,37.49074049,127.0154245
서초구,37.49162866,127.0242282
서초구,37.5160899,127.0123892
서초구,37.47126248,127.0420579
서초구,37.47180297,127.0457278
동작구,37.4861697,126.9751927
동작구,37.51106239,126.9264457
동작구,37.50824932,126.9433353
동작구,37.50647463,126.9555949
동작구,37.50896395,126.9292197
동작구,37.50994153,126.9591494
동작구,37.50409942,126.9662844
도봉구,37.66437137,127.050705
도봉구,37.65883193,127.0490878
강남구,37.5274487,127.0437439
서초구,37.44779368,127.0577432
동대문구,37.56880432,127.055427
동대문구,37.58070429,127.0560124
동대문구,37.56798939,127.0723794
서초구,37.43388528,127.0669448
서초구,37.48733631,127.0103965
서초구,37.4752946,126.9870678
서초구,37.5049159,126.9968257
서초구,37.50292745,126.9863525
서초구,37.49486827,126.997827
서초구,37.50239027,126.9959653
서초구,37.50053764,126.9942644
서초구,37.48075395,126.9966784
서초구,37.50458659,126.9944715
서초구,37.5050048,126.9956774
서초구,37.49661,126.9877434
서초구,37.48687,126.9891572
서초구,37.4887578,126.9883485
서초구,37.50292497,126.9859808
도봉구,37.65694869,127.0281906
도봉구,37.66021685,127.0240074
도봉구,37.65536304,127.0448329
도봉구,37.67171849,127.040259
도봉구,37.65660218,127.0346
도봉구,37.64765764,127.0476263
도봉구,37.65862783,127.0219562
도봉구,37.65418744,127.0406036
도봉구,37.6525083,127.0127722
도봉구,37.6436416,127.0405629
도봉구,37.64804738,127.0517539
강북구,37.61986254,127.0155034
성동구,37.55310684,127.0195014
성동구,37.54729549,127.0121202
성동구,37.54411438,127.0646451
성동구,37.54606699,127.0137058
성동구,37.55414474,127.0334112
성동구,37.557724,127.0242322
성동구,37.55770899,127.029368
도봉구,37.65657114,127.042744
도봉구,37.67996175,127.0382887
금천구,37.45509468,126.9007465
성북구,37.605493,127.0111582
서대문구,37.57111489,126.9590677
동대문구,37.57810949,127.060947
동대문구,37.585268,127.038701
동대문구,37.5876923,127.0536889
동대문구,37.59068752,127.0477051
동대문구,37.60189649,127.064885
동대문구,37.58070062,127.0553995
동대문구,37.58567641,127.0700416
동대문구,37.56791523,127.0567435
동대문구,37.5754225,127.0303509
동대문구,37.57883954,127.067418
동대문구,37.57270461,127.0429617
동대문구,37.591315,127.0556492
동대문구,37.57399502,127.073876
동대문구,37.58626107,127.0386092
동대문구,37.56685961,127.0704776
동대문구,37.58253129,127.0315943
강동구,37.54983256,127.1578472
강동구,37.52902424,127.1446715
강동구,37.5305064,127.1221678
강동구,37.55002367,127.1244044
강동구,37.550568,127.174954
강동구,37.54619875,127.1633757
성북구,37.57860632,127.0232128
성북구,37.60410203,127.0129442
성북구,37.59437739,127.035605
성북구,37.59437739,127.035605
성북구,37.60418361,127.014914
송파구,37.49592462,127.1299324
송파구,37.5003628,127.1198778
송파구,37.5022044,127.1168436
송파구,37.50757193,127.0923856
송파구,37.48988343,127.1285753
송파구,37.49018343,127.1243921
송파구,37.5001281,127.1512995
송파구,37.49736261,127.1398881
송파구,37.50785465,127.1109347
송파구,37.51070678,127.0942316
송파구,37.4943008,127.141954
송파구,37.4966305,127.1539439
송파구,37.51788276,127.1018028
강북구,37.63684,127.0319277
강북구,37.63422868,127.0197328
강북구,37.612583,127.027208
강북구,37.62109537,127.012332
강북구,37.64456511,127.0109866
종로구,37.60044056,126.95679
종로구,37.58002991,126.9851778
종로구,37.57268958,127.003491
구로구,37.50656261,126.8561455
구로구,37.50272289,126.8490706
구로구,37.497745,126.8652158
구로구,37.49319187,126.8734727
구로구,37.497731,126.884354
구로구,37.4930233,126.89092
구로구,37.4893323,126.8916695
구로구,37.49739515,126.8289653
구로구,37.50530926,126.856942
구로구,37.49820658,126.884256
구로구,37.50000726,126.841369
구로구,37.498829,126.8293536
구로구,37.48305321,126.8389147
구로구,37.48415943,126.841403
구로구,37.50564507,126.8902909
구로구,37.506667,126.8787518
구로구,37.499606,126.8897631
구로구,37.49781973,126.8849453
구로구,37.50552339,126.8565953
구로구,37.48196266,126.8502378
강동구,37.54590987,127.1276362
강동구,37.55825638,127.1589916
강동구,37.53859168,127.1449729
강동구,37.54787478,127.1527439
강동구,37.5545536,127.1425911
강동구,37.55918388,127.1537442
종로구,37.57366067,127.0023591
종로구,37.58188937,127.0149489
종로구,37.57506182,126.9874209
동작구,37.48461403,126.9816657
도봉구,37.66034188,127.0421136
은평구,37.63923423,126.9175304
성동구,37.5671118,127.0471177
중구,37.5625152,126.9797235
동대문구,37.575652,127.0240428
성동구,37.561186,127.064966
강남구,37.51934248,127.050321
서초구,37.48359736,127.0296917
서초구,37.48512949,127.0158449
강북구,37.613863,127.038052
동작구,37.48826333,126.9150426
강남구,37.52034092,127.063303
동대문구,37.56653099,127.0734724
광진구,37.53109154,127.0867963
종로구,37.61058458,126.9757624
광진구,37.538713,127.100648
금천구,37.44613958,126.9221188
종로구,37.58966656,126.967545
영등포구,37.54790297,126.8877116
은평구,37.588099,126.9200741
동대문구,37.57802042,127.0300389
서대문구,37.5667279,126.9226382
양천구,37.53890713,126.8862041
영등포구,37.52795712,126.9285161
구로구,37.49762121,126.846388
강북구,37.61453065,127.0223529
양천구,37.51237156,126.8702299
강동구,37.54914056,127.1577731
강동구,37.52614008,127.1243007
동작구,37.51298,126.9266893
영등포구,37.53416724,126.906404
성동구,37.572151,127.0387462
성동구,37.54907936,127.0594538
동대문구,37.57230614,127.0349099
중랑구,37.57416749,127.0883012
성북구,37.60859015,127.0528751
강동구,37.52614008,127.1243007
서초구,37.50786022,127.011582
서초구,37.50296195,127.012071
서초구,37.47511676,126.9910912
강남구,37.524613,127.0280876
강남구,37.46517604,127.1073624
강남구,37.46575802,127.1012262
은평구,37.61185227,126.938868
강남구,37.52435413,127.055316
중랑구,37.59954904,127.1007221
강북구,37.61697,127.0294991
용산구,37.53159589,127.0070001
금천구,37.47969,126.9044857
동대문구,37.581313,127.047218
강서구,37.55510589,126.8535597
노원구,37.63519718,127.0873616
도봉구,37.66914,127.0459326
도봉구,37.646577,127.0338736
도봉구,37.66244567,127.046804
성북구,37.60698616,127.0657342
성북구,37.609032,127.0297352
관악구,37.47200331,126.9367542
성북구,37.6121808,127.0610595
성북구,37.61032674,127.0573056
양천구,37.51151538,126.8688757
성북구,37.60313609,127.013608
서초구,37.49904877,127.0248915
서초구,37.45571728,127.0688514
송파구,37.52606615,127.117488
강남구,37.52880832,127.034161
강남구,37.52222746,127.033991
노원구,37.62479317,127.0843379
서초구,37.50524853,127.0110376
양천구,37.52930959,126.832309
양천구,37.52236006,126.8364689
성북구,37.60374123,127.0324077
광진구,37.5469693,127.0744061
용산구,37.53391601,126.9493026
동대문구,37.57285291,127.072155
노원구,37.65527873,127.0613917
서대문구,37.55681593,126.942123
서대문구,37.57249887,126.9350607
서대문구,37.56508532,126.9670743
영등포구,37.51325696,126.8964817
은평구,37.60923882,126.9312642
종로구,37.5758064,126.996955
용산구,37.52361192,126.9927909
용산구,37.53849833,126.9871582
용산구,37.52310219,126.9628808
용산구,37.538472,126.9871582
용산구,37.542312,126.9730345
용산구,37.529259,126.967693
서초구,37.48067181,127.0123672
영등포구,37.51934369,126.9315042
강남구,37.48586782,127.0403271
강남구,37.50777396,127.0566328
강남구,37.52660081,127.0282355
강남구,37.49796957,127.0291232
강동구,37.53826544,127.1546194
송파구,37.51534342,127.0692513
강동구,37.549547,127.182677
은평구,37.65824239,126.9454044
동대문구,37.588886,127.051311
동대문구,37.59184757,127.0674278
강북구,37.63491155,127.0236168
강북구,37.63547025,127.0226733
강북구,37.63802609,127.025269
노원구,37.62881715,127.082693
관악구,37.46411546,126.9318251
마포구,37.54739821,126.929767
마포구,37.57246315,126.8870483
마포구,37.58052679,126.8877266
마포구,37.56286334,126.9039827
마포구,37.56060739,126.9163
구로구,37.48392298,126.8904111
도봉구,37.63653953,127.0420843
도봉구,37.68723271,127.0492672
은평구,37.63304404,126.920989
강서구,37.57101654,126.8414692
강서구,37.54773,126.8360362
강서구,37.55639584,126.8495472
강서구,37.55941461,126.8208132
송파구,37.50638593,127.1380298
송파구,37.50747126,127.1393712
송파구,37.50452233,127.1383827
송파구,37.50499392,127.1396078
송파구,37.4796684,127.1393228
송파구,37.47774841,127.1447053
송파구,37.47839038,127.140126
송파구,37.47825697,127.1370192
송파구,37.47420508,127.136948
송파구,37.47427705,127.1387582
송파구,37.47453884,127.136971
송파구,37.48208509,127.1325036
송파구,37.48279092,127.1302571
송파구,37.48279092,127.1302571
송파구,37.50272496,127.0925548
서초구,37.45748787,127.0601931
영등포구,37.50199297,126.8971139
영등포구,37.50118357,126.8967703
영등포구,37.49880417,126.8963333
영등포구,37.49919276,126.8959131
영등포구,37.52135273,126.9373261
구로구,37.49095327,126.8390667
송파구,37.47582566,127.1282587
종로구,37.572764,126.987903
종로구,37.572764,126.987903
서초구,37.5009526,127.0185009
서초구,37.50209719,127.019869
서초구,37.49904877,127.0248915
서초구,37.48529778,127.0221598
서초구,37.49240761,127.0052734
서초구,37.4656521,127.0271812
서초구,37.48160984,127.005175
서초구,37.48602619,127.0209888
서초구,37.47478856,127.0320819
서초구,37.47478856,127.0320819
서초구,37.51713004,127.0113904
서초구,37.45319549,127.0592678
동작구,37.48260194,126.9650863
송파구,37.487707,127.118846
송파구,37.488765,127.118071
광진구,37.544575,127.098311
송파구,37.493354,127.14486
송파구,37.50163572,127.148025
송파구,37.495096,127.122427
송파구,37.496415,127.123488
은평구,37.59320424,126.9130774
용산구,37.548038,126.9777437
노원구,37.62208796,127.0897199
노원구,37.62208796,127.0897199
노원구,37.62358892,127.0687828
동작구,37.49982365,126.9784084
마포구,37.5467934,126.952657
서대문구,37.56937385,126.915285
성동구,37.56394381,127.0300298
성북구,37.58898979,127.0078895
영등포구,37.5240382,126.9229018
중랑구,37.60645263,127.094707
양천구,37.509761,126.858027
강동구,37.52926135,127.142984
강서구,37.54725959,126.843481
동작구,37.506881,126.9509954
마포구,37.54403409,126.9298664
마포구,37.54403409,126.9298664
마포구,37.562181,126.888047
마포구,37.562169,126.888063
성북구,37.61597724,127.0483468
성북구,37.61290464,127.0512425
강동구,37.52831379,127.1425257
성동구,37.54615986,127.0253043
성동구,37.566689,127.0433162
성동구,37.56053219,127.049552
성동구,37.54034955,127.0482498
성동구,37.5497977,127.0300204
성동구,37.56787474,127.0255294
성동구,37.54230974,127.0157855
송파구,37.47548024,127.1282623
송파구,37.47548024,127.1282623
성북구,37.60401813,127.0309274
성북구,37.60401813,127.0309274
성북구,37.60507299,127.0313901
성북구,37.60708228,127.0061416
성북구,37.608932,126.998819
서대문구,37.59607831,126.9524663
서대문구,37.59607831,126.9524663
은평구,37.596344,126.9196996
마포구,37.58504438,126.8798696
마포구,37.5844435,126.8795112
용산구,37.54420955,126.9897731
중구,37.55893664,126.9987376
중구,37.55893664,126.9987376
용산구,37.54420955,126.9897731
금천구,37.47894796,126.8907516
구로구,37.47894796,126.8907516
성북구,37.618368,127.054376
성북구,37.618544,127.054454
강남구,37.5194081,127.0286272
강동구,37.53641884,127.1290369
강북구,37.63536011,127.030127
광진구,37.53929468,127.0829295
구로구,37.50126067,126.8463654
금천구,37.45968419,126.8992833
노원구,37.66602909,127.078269
동대문구,37.57893791,127.0701387
동작구,37.48254699,126.9814807
은평구,37.63386256,126.9185725
동작구,37.50457,126.960869
금천구,37.46611333,126.8858457
송파구,37.49453769,127.1087136
송파구,37.49453769,127.1087136
송파구,37.5007231,127.111792
송파구,37.49761457,127.1025318
서초구,37.51165835,127.0044694
강북구,37.61700008,127.0314657
서초구,37.48852979,126.9954614
서초구,37.49240761,127.0052734
서초구,37.48752619,126.9942016
강서구,37.55684827,126.8471933
강서구,37.56815047,126.8180329
중구,37.56419276,127.0244387
강남구,37.46476211,127.0943281
서초구,37.45455,127.061688
서초구,37.470875,127.0434517
서초구,37.47216184,126.9971159
서초구,37.45494914,127.0649235
서대문구,37.59405017,126.9550799
서대문구,37.59405017,126.9550799
성북구,37.60895731,126.9979379
성북구,37.607444,127.0023199
성북구,37.60401813,127.0309274
성북구,37.602516,127.0349031
성북구,37.602516,127.0349031
마포구,37.55779,126.894902
강서구,37.56090185,126.7997108
강서구,37.57136985,126.8029604
강서구,37.55325498,126.8093237
송파구,37.50278258,127.1216724
강동구,37.561787,127.151225
은평구,37.6336094,126.9161525
은평구,37.63528107,126.9176562
은평구,37.63485353,126.9195847
강남구,37.51965028,127.0566188
성동구,37.55433983,127.0348842
영등포구,37.524274,126.921251
송파구,37.49504339,127.1170459
동대문구,37.58837916,127.057047
은평구,37.59864282,126.9153369
동대문구,37.57794903,127.0350525
영등포구,37.49920079,126.9047873
구로구,37.491522,126.855854
성북구,37.60282033,127.0192113
마포구,37.556993,126.952264
강남구,37.48359518,127.0519307
동작구,37.49577317,126.9289798
동대문구,37.56579837,127.0547622
관악구,37.48655851,126.9351477
양천구,37.53586515,126.8264891
관악구,37.479581,126.9427157
노원구,37.68450319,127.0551852
성북구,37.58637065,127.021897
강북구,37.62875803,127.0390675
도봉구,37.64357608,127.0483323
광진구,37.53709659,127.0922888
서초구,37.496404,126.9901565
동작구,37.496444,126.914454
양천구,37.51865983,126.8739583
마포구,37.54543847,126.9560837
서초구,37.4836851,127.0341178
서초구,37.46912869,127.0400323
노원구,37.62667063,127.0547126
서초구,37.51488012,127.0085382
중구,37.55709666,126.9736338
영등포구,37.53549738,126.8991927
광진구,37.54965862,127.092484
광진구,37.54507352,127.1027396
은평구,37.6004849,126.9038083
성동구,37.55578118,127.0239202
중구,37.565345,127.023338
중구,37.56551016,127.0158308
관악구,37.486863,126.944001
관악구,37.466102,126.931928
관악구,37.467555,126.949202
서초구,37.4681787,126.9870126
관악구,37.4665469,126.9872769
관악구,37.4714704,126.9824665
성동구,37.55762633,127.0338809
마포구,37.56971056,126.9116078
서초구,37.45980808,126.9877421
송파구,37.49453769,127.1087136
송파구,37.49453769,127.1087136
강동구,37.55466766,127.1546222
용산구,37.52470224,126.9777402
동대문구,37.57734724,127.064387
강서구,37.545878,126.821914
양천구,37.534243,126.8299211
마포구,37.54440565,126.951696
중랑구,37.61180428,127.0772017
관악구,37.48170083,126.9461146
서초구,37.49156467,127.025618
노원구,37.64628513,127.0578083
강남구,37.48965405,127.1053467
영등포구,37.48794838,126.89787
용산구,37.51635026,126.9759691
동대문구,37.60575145,127.0709124
강서구,37.585127,126.8185107
강동구,37.57047497,127.1583937
영등포구,37.51594947,126.9234098
도봉구,37.65163245,127.034672
도봉구,37.6481984,127.026816
성북구,37.61028784,126.9985206
관악구,37.4629028,126.9193909
강동구,37.544306,127.16672
강동구,37.544305,127.166726
강동구,37.544355,127.167418
노원구,37.62667063,127.0547126
서초구,37.4934156,127.0264914
중구,37.56648901,126.9881037
종로구,37.568382,126.9697592
서대문구,37.56551037,126.965979
송파구,37.51509485,127.0997117
송파구,37.51313818,127.0930487
송파구,37.51375196,127.1044469
송파구,37.51130961,127.0981418
송파구,37.51132007,127.1017527
송파구,37.50876177,127.1045302
금천구,37.43798988,126.9027534
금천구,37.43873728,126.9035394
서초구,37.47511676,126.991028
서초구,37.45752329,127.0125555
영등포구,37.52837856,126.9152257
관악구,37.475882,126.9738902
관악구,37.479167,126.9275614
관악구,37.46133515,126.927433
송파구,37.47649615,127.1211896
송파구,37.476644,127.1213301
송파구,37.47456576,127.1351629
송파구,37.47456576,127.1351629
서대문구,37.5941306,126.9483013
강동구,37.56260049,127.1622722
종로구,37.577936,127.015262
성북구,37.61793756,127.043358
성동구,37.55784407,127.0413311
중랑구,37.57741203,127.0909395
마포구,37.58464695,126.8832829
마포구,37.5526534,126.9001573
서대문구,37.57816366,126.93149
서초구,37.47982045,126.9933557
성동구,37.54479698,127.0349314
성북구,37.58879977,127.0063382
성북구,37.61526655,127.0688474
양천구,37.54129134,126.8785038
영등포구,37.526636,126.901504
용산구,37.53595002,126.9748221
은평구,37.58603327,126.8873235
은평구,37.64097221,126.9379431
중랑구,37.58445201,127.093739
강남구,37.48562012,127.0441427
영등포구,37.516136,126.89066
용산구,37.53656366,127.0021344
노원구,37.63744806,127.0795366
송파구,37.52048936,127.1141236
광진구,37.549262,127.1076144
중구,37.56131216,126.9925527
구로구,37.49467146,126.8300624
서초구,37.51211326,127.0066549
강남구,37.49276704,127.0342469
강남구,37.48615258,127.056121
강남구,37.4688571,127.0910759
강남구,37.47377912,127.1085931
구로구,37.49095428,126.8747106
서초구,37.47035775,126.9871144
서초구,37.46238431,127.0183127
은평구,37.6004849,126.9038083
양천구,37.50612378,126.8339307
노원구,37.67450143,127.0850431
서초구,37.506252,126.9926731
서초구,37.506252,126.9926731
강남구,37.51015034,127.066049
강북구,37.62325505,127.0276976
강서구,37.56114636,126.8102805
강서구,37.54733881,126.877417
관악구,37.48939185,126.9554433
구로구,37.48804308,126.836806
도봉구,37.66549069,127.0419341
동대문구,37.574515,127.053466
동작구,37.51279586,126.9425495
동작구,37.49411971,126.9110974
마포구,37.557192,126.9557107
동대문구,37.57849513,127.0384967
송파구,37.51179326,127.1268177
강남구,37.49961513,127.0493026
양천구,37.50864654,126.8423769
은평구,37.61083816,126.917497
종로구,37.57049685,126.9710752
중랑구,37.619434,127.104517
도봉구,37.65709893,127.0243731
노원구,37.65748572,127.058807
서대문구,37.55977718,126.9344344
중구,37.56811569,127.0084727
송파구,37.50751633,127.1332496
관악구,37.47047357,126.9200796
관악구,37.45944449,126.922967
관악구,37.47590606,126.9530348
중구,37.55755882,126.9734
송파구,37.48088703,127.1177758
송파구,37.48083429,127.1212768
서초구,37.474954,127.0006595
강서구,37.54895804,126.8173096
강서구,37.54075832,126.8171299
동작구,37.51175038,126.9408242
관악구,37.46930471,126.9485233
관악구,37.46882093,126.947505
영등포구,37.51458129,126.9177251
영등포구,37.52437689,126.9360341
동대문구,37.583784,127.073216
동대문구,37.583759,127.073227
강서구,37.582501,126.81832
강서구,37.57707792,126.8171321
강서구,37.57474048,126.8163797
중랑구,37.61974743,127.0883965
서초구,37.486132,126.9868591
서초구,37.4860911,126.9826166
서초구,37.479994,126.999044
서초구,37.498149,127.0204143
서초구,37.50068533,127.0197482
서초구,37.45795206,127.045884
금천구,37.48229963,126.8860633
성동구,37.546693,127.0194815
용산구,37.51766383,126.9580365
용산구,37.51736432,126.9592677
영등포구,37.52782614,126.8956353
서초구,37.4802402,127.0142152
강남구,37.48359088,127.0887929
서초구,37.52302,127.016503
강동구,37.52227649,127.1332302
강북구,37.63192471,127.0138362
강북구,37.643063,127.0091358
강서구,37.56148292,126.8155337
광진구,37.54507352,127.1027396
동대문구,37.6012567,127.0697682
강서구,37.53099372,126.8474429
구로구,37.48820185,126.835654
강북구,37.61995872,127.0128511
도봉구,37.68039915,127.0450044
노원구,37.65790777,127.075237
광진구,37.55160814,127.0731832
중랑구,37.60004327,127.1000465
성동구,37.54248198,127.0195991
중구,37.562142,126.999034
종로구,37.56987678,126.9796743
종로구,37.58620415,127.0027406
은평구,37.63013936,126.9199312
서대문구,37.59100718,126.9412757
동대문구,37.57738655,127.0379219
관악구,37.45996441,126.9305881
중구,37.55329028,127.012181
광진구,37.53470356,127.0713072
서초구,37.51306,127.006271
서초구,37.50196275,126.9890314
서초구,37.45744348,127.0601931
서초구,37.503093,126.9956936
강남구,37.5049715,127.025033
강남구,37.5045343,127.025592
중랑구,37.5807,127.088943
강동구,37.55795484,127.1462943
강동구,37.55795484,127.1462943
동대문구,37.5852216,127.0697283
중랑구,37.58574175,127.0766898
구로구,37.504614,126.870686
강동구,37.55517834,127.12438
금천구,37.45521294,126.8999472
강서구,37.548558,126.869018
성북구,37.60768331,127.051869
성북구,37.59859897,127.0220098
서대문구,37.57286602,126.9083005
동대문구,37.56122694,127.069418
용산구,37.52657094,126.9531866
광진구,37.54678707,127.1104786
중랑구,37.6120815,127.0725175
서초구,37.45752329,127.0125555
서초구,37.46660321,126.9880709
강동구,37.52870254,127.1360663
강남구,37.50050642,127.0511905
강남구,37.52339385,127.0385173
금천구,37.47732723,126.8876762
관악구,37.4922,126.926732
영등포구,37.51948008,126.9047117
양천구,37.520972,126.8714434
영등포구,37.51566803,126.907666
중구,37.56616815,126.9739838
성북구,37.582563,127.029616
은평구,37.61441879,126.9228204
서초구,37.46373901,127.0245988
서초구,37.46471047,127.0237693
서초구,37.49150541,126.9830199
서초구,37.46425803,127.0454423
광진구,37.53734087,127.0938665
성북구,37.609888,127.022593
금천구,37.44468212,126.9010724
서대문구,37.57286602,126.90837
용산구,37.52470018,126.9933004
