주소,Longitude,Latitude,자치구
서울특별시 강서구  마곡서로 33 (마곡동),126.822611032,37.557822,강서구
서울특별시 강서구 강서로 216-23,126.837553992,37.5457337666,강서구
서울특별시 강서구 강서로15길 40 (화곡동),126.843815,37.5323019,강서구
서울특별시 강서구 강서로17길 130 (화곡동),126.838533,37.532117,강서구
서울특별시 강서구 강서로31길 48 (화곡동),126.839074,37.5401017,강서구
서울특별시 강서구 강서로45길 113 (내발산동),126.831027,37.5503201,강서구
서울특별시 강서구 강서로46길 23 (내발산동),126.8377005,37.551248,강서구
서울특별시 강서구 강서로47길 126,126.8291829,37.5536597,강서구
서울특별시 강서구 강서로56가길 55 (등촌동),126.840249,37.562025,강서구
서울특별시 강서구 강서로56나길 140 (등촌동),126.8446617,37.5648029,강서구
서울특별시 강서구 강서로56나길 34 (등촌동),126.8425361,37.5606951,강서구
서울특별시 강서구 곰달래로25길 4 (화곡동),126.849217,37.530958,강서구
서울특별시 강서구 곰달래로31가길 27 (화곡동),126.8524559,37.5327032,강서구
서울특별시 강서구 곰달래로47길 88 (화곡동),126.855313,37.5351277,강서구
서울특별시 강서구 곰달래로49길 10 (화곡동),126.85806,37.532147,강서구
서울특별시 강서구 곰달래로53길 30-20 (화곡동),126.860173,37.533599,강서구
서울특별시 강서구 곰달래로57길 39 (화곡동),126.861588,37.533979,강서구
서울특별시 강서구 공항대로 491 (등촌동),126.8621938,37.553469,강서구
서울특별시 강서구 공항대로36길 74 (내발산동),126.83610183,37.5557076033,강서구
서울특별시 강서구 공항대로39길 100 (등촌동 대림아파트),126.8465439,37.562539,강서구
서울특별시 강서구 공항대로3길 18 (공항동),126.8110312,37.5627589,강서구
서울특별시 강서구 공항대로58가길 39 (등촌동),126.8610512,37.550429,강서구
서울특별시 강서구 금낭화로 222 (방화동),126.8108471,37.5803891,강서구
서울특별시 강서구 금낭화로11길 48 (방화동),126.810033,37.569417,강서구
서울특별시 강서구 금낭화로13길 47-9 (방화동),126.808358,37.571228,강서구
서울특별시 강서구 까치산로 116 (화곡동),126.8500391,37.5481774,강서구
서울특별시 강서구 까치산로10길 70 (화곡동),126.847465,37.5403602,강서구
서울특별시 강서구 까치산로22길 38 (화곡동),126.85254,37.5481125,강서구
서울특별시 강서구 까치산로2길 43 (화곡동),126.843663,37.539273,강서구
서울특별시 강서구 남부순환로11가길 89 (공항동),126.81324,37.5576234,강서구
서울특별시 강서구 남부순환로7길 39 (공항동),126.809662,37.558943,강서구
서울특별시 강서구 등촌로13자길 42-14 (화곡동),126.8556963,37.5390734,강서구
서울특별시 강서구 등촌로35길 12 (등촌동),126.8616338,37.5420258,강서구
서울특별시 강서구 등촌로39길 71 (등촌동),126.8577618,37.547477,강서구
서울특별시 강서구 마곡서1로 68 (마곡동),126.821544,37.5632004,강서구
서울특별시 강서구 방화대로34길 2 (방화동),126.8174657,37.5682828,강서구
서울특별시 강서구 방화대로47길 43 (방화동),126.814673,37.575537,강서구
서울특별시 강서구 방화대로50길 22 (방화동),126.818936,37.5769308,강서구
서울특별시 강서구 방화대로5다길 22-12 (공항동),126.8146107,37.5555119,강서구
서울특별시 강서구 수명로1길 84 (내발산동),126.823844,37.5527743821,강서구
서울특별시 강서구 양천로 11 (방화동),126.8046641,37.5736852,강서구
서울특별시 강서구 양천로 329 (가양동),126.8395913,37.5701684,강서구
서울특별시 강서구 양천로 646-28 (염창동),126.8677461,37.5529744,강서구
서울특별시 강서구 양천로17길 4-55 (방화동),126.8135129,37.573989,강서구
서울특별시 강서구 양천로30길 4 (마곡동),126.822935,37.5704783,강서구
서울특별시 강서구 양천로69길 49 (염창동),126.8712574,37.5548065,강서구
서울특별시 강서구 양천로6길 92 (방화동),126.807498848,37.5687036382,강서구
서울특별시 강서구 양천로73길 17 (염창동),126.872373,37.5521222,강서구
서울특별시 강서구 양천로75길 44 (염창동),126.875539,37.551473,강서구
서울특별시 강서구 우장산로 45 (내발산동),126.8421907,37.554404,강서구
서울특별시 강서구 우현로 8,126.844554,37.547055,강서구
서울특별시 강서구 월정로 176 (화곡동),126.8360595,37.5347268,강서구
서울특별시 강서구 초록마을로 28 (화곡동),126.8459269,37.543208,강서구
서울특별시 강서구 허준로 109 (가양동),126.8521896,37.566675,강서구
서울특별시 강서구 허준로 186 (가양동),126.8586437,37.5617187,강서구
서울특별시 강서구 허준로 221-22 (가양동),126.8644193,37.561171,강서구
서울특별시 강서구 허준로 47 (가양동 가양2단지아파트),126.8474442,37.5703714,강서구
서울특별시 강서구 화곡로 263 (화곡동),126.846004,37.5492011,강서구
서울특별시 강서구 화곡로13길 107 (화곡동 화곡푸르지오),126.8315655,37.5443631,강서구
서울특별시 강서구 화곡로13길 66 (화곡동),126.8330272,37.5427125,강서구
서울특별시 강서구 화곡로52길 14 (화곡동),126.849063,37.5500087,강서구
서울특별시 강서구 화곡로58길 86 (화곡동),126.8549196,37.551822,강서구
서울특별시 강서구 화곡로63가길 26 (등촌동),126.847951,37.559692,강서구
서울특별시 강서구 화곡로65길 124 (등촌동),126.8480367,37.561389,강서구
서울특별시 강서구 화곡로65길 90 (등촌동),126.8500834,37.5603228,강서구
서울특별시 강서구 화곡로66길 118 (등촌동),126.859332,37.555424,강서구
서울특별시 강서구 화곡로69길 9 (등촌동),126.853766,37.5608016256,강서구
서울특별시 강서구 화곡본동 까치산로4길 101-5,126.847243,37.538834,강서구
서울특별시 관악구 관악로30길 12,126.959438,37.485089,관악구
서울시 노원구 상계10동 695,127.0575035,37.6597665,노원구
서울특별시 관악구 관악로40길 304,126.959278,37.492162,관악구
서울특별시 관악구 관악로5길 61,126.9512177,37.4756972,관악구
서울특별시 관악구 광신길 113,126.925415,37.464018,관악구
서울특별시 관악구 광신길 177,126.9274239,37.467048,관악구
서울특별시 관악구 구암길 1,126.9468782,37.4894968,관악구
서울특별시 관악구 구암길 46,126.948211,37.489766,관악구
서울특별시 관악구 구암길 46,126.948219,37.489742,관악구
서울특별시 관악구 낙성대로 23,126.959865624,37.4767532754,관악구
서울특별시 관악구 낙성대역14길 6,126.964244,37.4738722,관악구
서울특별시 관악구 난곡로 32길 12,126.920157,37.472093,관악구
서울특별시 관악구 난곡로 42,126.9206196,37.4605336,관악구
서울특별시 관악구 난곡로35길 102,126.9166531,37.469235,관악구
서울특별시 관악구 난곡로35길 102,126.9166531,37.4692357,관악구
서울특별시 관악구 난곡로45길 5,126.9153179,37.4762101,관악구
서울특별시 관악구 난우길 40,126.9178433,37.4769379,관악구
서울특별시 관악구 난향3길 31,126.916719,37.461733,관악구
서울특별시 관악구 난향길 9,126.9180741,37.4624143,관악구
서울특별시 관악구 남부순환로 163길 14,126.9221169,37.4850413,관악구
서울특별시 관악구 남부순환로144길 65,126.9134662,37.47838,관악구
서울특별시 관악구 남부순환로145길 6,126.912415,37.4818537,관악구
서울특별시 관악구 남부순환로172길 59-9,126.922468,37.4821964,관악구
서울특별시 관악구 남부순환로246길 25,126.9644352,37.4752921,관악구
서울특별시 관악구 남현2길 90,126.972834,37.4745654,관악구
서울특별시 관악구 남현4길 51,126.9740756,37.473601,관악구
서울특별시 관악구 대학7길 52,126.940952,37.4678163,관악구
서울특별시 관악구 대학7길 61,126.940992,37.468012,관악구
서울특별시 관악구 문성로 234,126.929357,37.478773,관악구
서울특별시 관악구 문성로 79,126.9126806,37.4779763,관악구
서울특별시 관악구 문성로28길 31,126.9272999,37.4771503,관악구
서울특별시 관악구 미성길 123,126.912189332,37.4719665271,관악구
서울특별시 관악구 법원단지2길 15-4,126.919802,37.473654,관악구
서울특별시 관악구 법원단지길 56,126.920254,37.473787,관악구
서울특별시 관악구 보라매로 44,126.927367,37.493126,관악구
서울특별시 관악구 보라매로2길 23,126.9298977,37.4900948,관악구
서울특별시 관악구 봉천로 505,126.9560764,37.4811753,관악구
서울특별시 관악구 봉천로 505,126.956066,37.481192,관악구
서울특별시 관악구 봉천로23다길 23,126.9369662,37.4874654,관악구
서울특별시 관악구 봉천로27길 20,126.939675,37.485148,관악구
서울특별시 관악구 봉천로29길 47,126.941936,37.4855674,관악구
서울특별시 관악구 서원3길 25,126.934115,37.4768877,관악구
서울특별시 관악구 성현로 117,126.9556171,37.4910197,관악구
서울특별시 관악구 솔밭로 20,126.963441,37.4790524,관악구
서울특별시 관악구 시흥대로 164길 27,126.902892885,37.4820145169,관악구
서울특별시 관악구 신림로 114,126.937152,37.4717141,관악구
서울특별시 관악구 신림로 114,126.937141,37.471726,관악구
서울특별시 관악구 신사로10길 29,126.9151491,37.4863192,관악구
서울특별시 관악구 양녕로2가길 41,126.947208,37.485256,관악구
서울특별시 관악구 양녕로6나길 1,126.9492175,37.4854747,관악구
서울특별시 관악구 양산길 18,126.932255608,37.4740592665,관악구
서울특별시 관악구 은천로 69,126.9429033,37.4868591,관악구
서울특별시 관악구 은천로 69,126.9429033,37.486867,관악구
서울특별시 관악구 조원로 114,126.914908,37.484844,관악구
서울특별시 관악구 조원로 67,126.9094507,37.484114,관악구
서울특별시 관악구 참숯5길 12,126.940392857,37.477065816,관악구
서울특별시 관악구 청룡4길 49,126.9428902,37.4808067,관악구
서울특별시 관악구 청룡4길 49,126.942885,37.4808067,관악구
서울특별시 관악구 청림3길 37,126.958378,37.4897327,관악구
서울특별시 관악구 청림5길 22,126.960085,37.489072,관악구
서울특별시 관악구 태흥길 4,126.930942225,37.4663999169,관악구
서울특별시 관악구 행운1길 96,126.9563611,37.482788,관악구
서울특별시 관악구 행운1라길 17,126.9578363,37.4829254,관악구
서울특별시 관악구 행운1라길 17,126.957826,37.482946,관악구
서울특별시 관악구 호암로 498,126.9323353,37.4626215,관악구
서울특별시 관악구 호암로 498,126.932314,37.462655,관악구
서울특별시 구로구 가마산로 174,126.882454,37.491254,구로구
서울특별시 구로구 가마산로 95,126.876892,37.486014,구로구
서울특별시 구로구 가마산로27길 69,126.889366,37.499552,구로구
서울특별시 구로구 개봉로11길 55-16,126.852844,37.487184,구로구
서울특별시 구로구 개봉로11길 98,126.850052,37.488569,구로구
서울특별시 구로구 개봉로16길 30-11,126.858371,37.489738,구로구
서울특별시 구로구 개봉로18길 37,126.857951,37.490828,구로구
서울특별시 구로구 개봉로1다길 16-9,126.850545,37.482858,구로구
서울특별시 구로구 개봉로3길 87,126.851926,37.484691,구로구
서울특별시 구로구 경서로 31,126.856994,37.500666,구로구
서울특별시 구로구 경인로19길 39,126.842328,37.498149,구로구
서울특별시 구로구 경인로19길 8,126.842799,37.495947,구로구
서울특별시 구로구 경인로2길 10,126.826515,37.489624,구로구
서울시 용산구 두텁바위로1나길 19,126.9768814,37.5473351,용산구
서울특별시 구로구 경인로2길 11,126.827693,37.490421,구로구
서울특별시 구로구 경인로46길 13,126.865972,37.497429,구로구
서울특별시 구로구 경인로47가길 35,126.864935,37.502819,구로구
서울특별시 구로구 고척로 213,126.856799,37.506276,구로구
서울특별시 구로구 고척로 30,126.839734,37.497362,구로구
서울특별시 구로구 고척로 62-11,126.842183,37.499496,구로구
서울특별시 구로구 고척로18길 92,126.844997,37.497683,구로구
서울특별시 구로구 고척로21길 55,126.844375,37.504699,구로구
서울특별시 구로구 고척로25길 62,126.846112,37.504546,구로구
서울특별시 구로구 고척로33길 34,126.849058,37.504882,구로구
서울특별시 구로구 구로동로17길 37-4,126.881845,37.488008,구로구
서울특별시 구로구 구로동로28길 55,126.887203,37.490942,구로구
서울특별시 구로구 구로동로7길 27,126.884695,37.486007,구로구
서울특별시 구로구 구로중앙로14길 43,126.892311,37.495045,구로구
서울특별시 구로구 구로중앙로27나길 9,126.885806,37.496915,구로구
서울특별시 구로구 구로중앙로32가길 18,126.835182,37.488806,구로구
서울특별시 구로구 구일로 62,126.874349,37.491746,구로구
서울특별시 구로구 구일로 68,126.872928,37.492795,구로구
서울특별시 구로구 구일로2길 45,126.877571,37.489158,구로구
서울특별시 구로구 남부순환로105길 218,126.884074,37.485301,구로구
서울특별시 구로구 도림로20길 57,126.895119,37.488265,구로구
서울특별시 구로구 디지털로27길 76,126.890596,37.484827,구로구
서울특별시 구로구 디지털로27다길 15,126.889278,37.484935,구로구
서울특별시 구로구 부일로 893,126.825993,37.494071,구로구
서울특별시 구로구 부일로15나길 20-7,126.834389,37.494894,구로구
서울특별시 구로구 부일로17길 5,126.834631,37.49354,구로구
서울특별시 구로구 부일로1길 125,126.817374,37.495235,구로구
서울특별시 구로구 부일로9길 158,126.822241,37.497834,구로구
서울특별시 구로구 새말로 73,126.887942,37.505015,구로구
서울특별시 구로구 서해안로 2201,126.831364,37.486689,구로구
서울특별시 구로구 서해안로24길 22,126.838711,37.489606,구로구
서울특별시 구로구 서해안로28길 18,126.843062,37.492367,구로구
서울특별시 구로구 신도림로 26,126.879493,37.506927,구로구
서울특별시 구로구 신도림로11가길 36,126.876494,37.50727,구로구
서울특별시 구로구 신도림로19길 44,126.883397,37.512325,구로구
서울특별시 구로구 연동로 178,126.8241553,37.47691,구로구
서울특별시 구로구 연동로 284,126.823395,37.485482,구로구
서울특별시 구로구 연동로 320,126.825157,37.487735,구로구
서울특별시 구로구 오류로8길 22,126.842017,37.491162,구로구
서울특별시 구로구 오류로8길 40,126.842809,37.49164,구로구
서울특별시 구로구 오리로 1102-19,126.834631,37.492319,구로구
서울특별시 구로구 오리로 1189,126.835295,37.488971,구로구
서울특별시 구로구 오리로17길 48,126.829017,37.49681,구로구
서울특별시 구로구 중앙로 6,126.86537,37.499261,구로구
서울특별시 구로구 천왕동 산 13-1,126.8410648,37.4838959,구로구
서울특별시 구로구 천왕로1길 11,126.837014,37.481404,구로구
서울특별시 금천구 가산로 99,126.891713,37.476016,금천구
서울특별시 금천구 가산로 9길 35,126.890237,37.475776,금천구
서울특별시 금천구 가산로3길 46,126.893007,37.47232,금천구
서울특별시 금천구 금하로 30길 53,126.916426,37.447427,금천구
서울특별시 금천구 금하로3길 32,126.897608,37.454828,금천구
서울특별시 금천구 남부순환로 1304-11,126.896449,37.47812,금천구
서울특별시 금천구 독산로 108길 37,126.905967,37.479638,금천구
서울특별시 금천구 독산로 10길 24,126.907253,37.449855,금천구
서울특별시 금천구 독산로 12,126.904304,37.448573,금천구
서울특별시 금천구 독산로 23길 26,126.904958,37.454644,금천구
서울특별시 금천구 독산로 47가길 42,126.902101,37.460455,금천구
서울특별시 금천구 독산로 78다길 89,126.908326,37.471725,금천구
서울특별시 금천구 독산로1길 3,126.903493,37.448853,금천구
서울특별시 금천구 독산로36길 14,126.906171,37.45895,금천구
서울특별시 금천구 독산로36나길 21,126.909044,37.459687,금천구
서울특별시 금천구 독산로54길 102,126.908975,37.466715,금천구
서울특별시 금천구 독산로54길 129,126.907262,37.467721,금천구
서울특별시 금천구 독산로54길 251,126.905858,37.472999,금천구
서울특별시 금천구 독산로58가길 88,126.907184,37.465793,금천구
서울특별시 금천구 독산로94길 17,126.904109,37.474613,금천구
서울특별시 금천구 문성로 37,126.907771,37.476876,금천구
서울시 노원구 중계본동 77,127.0834333,37.6486279,노원구
서울특별시 금천구 문성로 51,126.90919,37.47709,금천구
서울특별시 금천구 문성로 62-15,126.909492,37.475454,금천구
서울특별시 금천구 범안로 11길 3,126.890972,37.467249,금천구
서울특별시 금천구 범안로12길 63-3,126.893515,37.464453,금천구
서울특별시 금천구 벚꽃로 38길 35,126.884455,37.482621,금천구
서울특별시 금천구 시흥대로 104길 31,126.900057,37.465514,금천구
서울특별시 금천구 시흥대로 12길 82,126.907423,37.440234,금천구
서울특별시 금천구 시흥대로 150길 79,126.902495,37.477391,금천구
서울특별시 금천구 시흥대로 152길 35,126.900953,37.47686,금천구
서울특별시 금천구 시흥대로 24길 57,126.908303,37.441816,금천구
서울특별시 금천구 시흥대로 38길 78,126.905247,37.446647,금천구
서울특별시 금천구 시흥대로 40길 93,126.908245,37.446718,금천구
서울특별시 금천구 시흥대로 45길 35,126.900257,37.448229,금천구
서울특별시 금천구 시흥대로 460,126.899464,37.474777,금천구
서울특별시 금천구 시흥대로 70길 34,126.901589,37.456392,금천구
서울특별시 금천구 시흥대로 86길 20,126.900294,37.460122,금천구
서울특별시 금천구 시흥대로 90길 63,126.90072,37.462974,금천구
서울특별시 금천구 시흥대로 98길 45,126.900288,37.464258,금천구
서울특별시 금천구 시흥대로47길 43-1,126.899507,37.447009,금천구
서울특별시 금천구 시흥대로79길 37,126.896205,37.458229,금천구
서울특별시 금천구 탑골로 10길 45,126.916887,37.451672,금천구
서울특별시 금천구 탑골로 47-3,126.914914,37.452434,금천구
서울특별시 금천구 탑골로 5길 60,126.912623,37.45465,금천구
서울특별시 금천구 한내로 69-16,126.888356,37.458595,금천구
서울특별시 동작구 강남초등길 15,126.9535841,37.5060798,동작구
서울특별시 동작구 국사봉1길 235-1,126.936019646,37.4932600531,동작구
서울특별시 동작구 노량진로26길 16-40,126.9537363,37.5100908,동작구
서울특별시 동작구 대방동1길 22,126.9253563,37.5005994,동작구
서울특별시 동작구 동작대로13길 22,126.9785565,37.4822359,동작구
서울특별시 동작구 동작대로17길 28,126.9787548,37.4830324,동작구
서울특별시 동작구 동작대로17길 37,126.9774988,37.4827683,동작구
서울특별시 동작구 동작대로29길 214,126.9770792,37.4942206,동작구
서울특별시 동작구 동작대로41길 7,126.9817887,37.4960102,동작구
서울특별시 동작구 등용로8길 3,126.932975132,37.5089070338,동작구
서울특별시 동작구 만양로12가길 69,126.9485347,37.5105474,동작구
서울특별시 동작구 만양로3길 48,126.9433211,37.5082455,동작구
서울특별시 동작구 만양로8길 50,126.9477571,37.5095412,동작구
서울특별시 동작구 매봉로 43,126.9512421,37.5069456,동작구
서울특별시 동작구 사당로 146,126.9651073,37.4886163,동작구
서울특별시 동작구 사당로13길 24,126.972394,37.4851433,동작구
서울특별시 동작구 사당로23길 137,126.97206659,37.4885888366,동작구
서울특별시 동작구 사당로23길 57-14,126.9758314,37.4844848,동작구
서울특별시 동작구 사당로23나길 27,126.975172,37.4882193,동작구
서울특별시 동작구 사당로28길 34,126.9793688,37.4816149,동작구
서울특별시 동작구 사당로30길 90,126.9806795,37.4807693,동작구
서울특별시 동작구 상도로41가길 13,126.9496786,37.5035024,동작구
서울특별시 동작구 상도로47길 51,126.9514916,37.5013154,동작구
서울특별시 동작구 상도로50길 36-1,126.950282576,37.498045856,동작구
서울특별시 동작구 상도로58길 21,126.9527374,37.4949853,동작구
서울특별시 동작구 서달로 115,126.9602147,37.5031946,동작구
서울특별시 동작구 서달로 135,126.960245,37.505334,동작구
서울특별시 동작구 성대로10길 27,126.9352939,37.496778,동작구
서울특별시 동작구 성대로21길 15,126.9370792,37.4986394,동작구
서울특별시 동작구 성대로21길 62,126.9373558,37.4997141,동작구
서울특별시 동작구 성대로6가길 29,126.933186,37.4977312,동작구
서울특별시 동작구 솔밭로 61-6,126.9660323,37.4821306,동작구
서울특별시 동작구 솔밭로74-1,126.9672688,37.4829857,동작구
서울특별시 동작구 시흥대로 644-1,126.9073747,37.4891543,동작구
서울특별시 동작구 신대방2길 14,126.914842462,37.4889831201,동작구
서울특별시 동작구 알마타길 16,126.9265808,37.5102562,동작구
서울특별시 동작구 양녕로 26길 27,126.944257806,37.4973908382,동작구
서울특별시 동작구 양녕로23길 25,126.941139,37.4956159,동작구
서울특별시 동작구 양녕로26길 15,126.9444263,37.4975519,동작구
서울특별시 동작구 양녕로30길 19-4,126.9466497,37.4991639,동작구
서울특별시 동작구 양녕로36길 15,126.9464077,37.5024623,동작구
서울특별시 동작구 여의대방로 28,126.911691628,37.4952734402,동작구
서울특별시 동작구 여의대방로16길 30,126.9160739,37.4957958,동작구
서울특별시 동작구 여의대방로24길 113,126.9263253,37.4992729,동작구
서울특별시 동작구 여의대방로24나길 6,126.9211621,37.4983617,동작구
서울특별시 동작구 여의대방로36길 105,126.9318509,37.50881,동작구
서울특별시 동작구 여의대방로36길 11,126.9229536,37.5045718,동작구
서울특별시 동작구 여의대방로44길 49,126.929207,37.5089258,동작구
서울특별시 동작구 장승배기로 14,126.9440809,37.5004006,동작구
서울특별시 동작구 장승배기로 160,126.9409291,37.5113579,동작구
서울특별시 동작구 장승배기로20길 46-3,126.9426084,37.5089816,동작구
서울특별시 동작구 장승배기로5길 16,126.9399433,37.5014791,동작구
서울특별시 동작구 현충로 87,126.9650367,37.5084802,동작구
서울특별시 동작구 흑석로 47,126.955905,37.5064905,동작구
서울특별시 동작구 흑석로13길 3,126.9603799,37.5088159,동작구
서울특별시 동작구 흑석한강로 28,126.965111957,37.5046357172,동작구
서울특별시 마포구 대흥로 11,126.9364116,37.5426573,마포구
서울특별시 마포구 대흥로 33,126.937809,37.5442479,마포구
서울특별시 마포구 도화2길 64,126.9494344,37.5384272,마포구
서울특별시 마포구 도화4길 62,126.951590224,37.5395033569,마포구
서울특별시 마포구 도화4길 94,126.950425,37.538243,마포구
서울특별시 마포구 독막로28길 19,126.9374573,37.546231,마포구
서울특별시 마포구 마포대로4나길 28,126.945485786,37.5379978285,마포구
서울특별시 마포구 만리재옛길 13,126.9537786,37.5457002,마포구
서울특별시 마포구 새창로6다길 22,126.9538738,37.5402588,마포구
서울특별시 마포구 월드컵로42길 30,126.8821522,37.5796975,마포구
서울특별시 마포구 월드컵로42길 30,126.882158,37.5796975,마포구
서울특별시 마포구 월드컵로42길 38,126.8811065,37.580353,마포구
서울특별시 마포구 월드컵북로 502-14,126.880641,37.5855241,마포구
서울특별시 마포구 토정로37길 37,126.9461953,37.542499,마포구
서울특별시 서초구 남부순환로289길 35,126.9890543,37.4767682,서초구
서울특별시 서초구 동광로12길 12,126.9865099,37.4907387,서초구
서울특별시 서초구 방배로 260,126.9898009,37.4963529,서초구
서울특별시 서초구 방배중앙로13길 26,126.9874257,37.4871653,서초구
서울특별시 서초구 방배천로4길 23,126.9845727,37.4783196,서초구
서울특별시 서초구 서초대로15길 57,126.9884182,37.4889507,서초구
서울특별시 서초구 신반포로 55-4,126.9910992,37.5027416,서초구
서울특별시 서초구 신반포로 55-4,126.9910688,37.502792,서초구
서울특별시 서초구 전원말길 6,126.9887801,37.4657896,서초구
서울특별시 서초구 효령로4길 58,126.9901376,37.4763718,서초구
서울특별시 양천구 가로공원로 85,126.825367,37.535612,양천구
서울특별시 양천구 가로공원로58길 32,126.8247283,37.531315,양천구
서울특별시 양천구 곰달래로 28,126.835746,37.5297015,양천구
서울특별시 양천구 곰달래로9길 12,126.8358401,37.530862,양천구
서울특별시 양천구 남부순환로30길 17,126.8241074,37.53779,양천구
서울 노원구 덕릉로112길 68,127.0813434,37.6665061,노원구
서울특별시 양천구 남부순환로58길 32,126.8299687,37.529559,양천구
서울특별시 양천구 남부순환로65길 2,126.834015,37.5277047,양천구
서울특별시 양천구 남부순환로67길 10-6,126.837462,37.523505,양천구
서울특별시 양천구 남부순환로70길 8,126.835878,37.522058,양천구
서울특별시 양천구 남부순환로73길 15-8,126.840067,37.520698,양천구
서울특별시 양천구 남부순환로86길 22,126.839855,37.512419,양천구
서울특별시 양천구 목동남로 90,126.868561589,37.510903,양천구
서울특별시 양천구 목동남로4길 6-46,126.8651243,37.5062064,양천구
서울특별시 양천구 목동동로 130,126.8725405,37.5149985,양천구
서울특별시 양천구 목동동로 235,126.8730106,37.5269904,양천구
서울특별시 양천구 목동동로 350,126.8809454,37.533911,양천구
서울특별시 양천구 목동동로 430,126.8847018,37.5345944,양천구
서울특별시 양천구 목동동로 50,126.8605838,37.5131601,양천구
서울특별시 양천구 목동동로12길 12,126.8721597,37.5224861,양천구
서울특별시 양천구 목동동로12길 60,126.877790964,37.5221328065,양천구
서울특별시 양천구 목동동로12길 7,126.872139,37.5231041,양천구
서울특별시 양천구 목동동로1길 33,126.856553,37.517160626,양천구
서울특별시 양천구 목동동로2길 54,126.8599994,37.5100874,양천구
서울특별시 양천구 목동동로8길 36,126.871488,37.515519,양천구
서울특별시 양천구 목동로 212,126.867095007,37.5292499793,양천구
서울특별시 양천구 목동로 31,126.8699775,37.5118348,양천구
서울특별시 양천구 목동로11길 23,126.862391,37.5230403,양천구
서울특별시 양천구 목동로11길 30,126.8616404,37.5236502,양천구
서울특별시 양천구 목동로15길 24,126.862155,37.523939,양천구
서울특별시 양천구 목동로3길 41,126.869706197,37.513600678,양천구
서울특별시 양천구 목동로8길 19,126.8671743,37.523899,양천구
서울특별시 양천구 목동서로 100,126.8730672,37.5341289,양천구
서울특별시 양천구 목동서로 38,126.8794362,37.539193,양천구
서울특별시 양천구 목동서로10길 35,126.8625771,37.5205957,양천구
서울특별시 양천구 목동서로2길 22,126.8816618,37.5414738,양천구
서울특별시 양천구 목동서로8길 32,126.8716045,37.5329094,양천구
서울특별시 양천구 목동중앙남로3가길 115,126.864345,37.5407511,양천구
서울특별시 양천구 목동중앙로 132,126.8764371,37.5402835,양천구
서울특별시 양천구 목동중앙로 204,126.8824793,37.5427277,양천구
서울특별시 양천구 목동중앙로 70,126.8716258,37.5357019,양천구
서울특별시 양천구 목동중앙로13길 22,126.8819412,37.5451905,양천구
서울특별시 양천구 목동중앙로3길 30-10,126.8703211,37.5370581,양천구
서울특별시 양천구 목동중앙로46길 57,126.858452,37.522863,양천구
서울특별시 양천구 목동중앙로52길 62,126.857291,37.525867,양천구
서울특별시 양천구 목동중앙로55길 72,126.841556,37.525717,양천구
서울특별시 양천구 목동중앙본로18길 11,126.8698028,37.5416376,양천구
서울특별시 양천구 목동중앙본로7길 13,126.867725,37.539529,양천구
서울특별시 양천구 목동중앙북로10길 7-10,126.870203,37.546331,양천구
서울특별시 양천구 목동중앙북로16길 57,126.8744087,37.5437143,양천구
서울특별시 양천구 목동중앙북로24길 19-8,126.878038,37.545444,양천구
서울특별시 양천구 목동중앙북로7길 22,126.867687,37.548809,양천구
서울특별시 양천구 목동중앙북로8길 46,126.8649065,37.5464859,양천구
서울특별시 양천구 목동중앙서로11길 48,126.867409,37.5347303,양천구
서울특별시 양천구 신목로 50,126.8727799,37.519645,양천구
서울특별시 양천구 신목로5길 11-6,126.8726846,37.5169227,양천구
서울특별시 양천구 신월로 109,126.835967,37.5162142,양천구
서울특별시 양천구 신월로 226,126.8468967,37.521766,양천구
서울특별시 양천구 신월로 97,126.8341623,37.5159595,양천구
서울특별시 양천구 신월로10길 2-1,126.8400995,37.516867,양천구
서울특별시 양천구 신월로13길 15,126.840975,37.5194184,양천구
서울특별시 양천구 신정로 290,126.8529747,37.5119007,양천구
서울특별시 양천구 신정로 292,126.8540515,37.5110164,양천구
서울특별시 양천구 신정로 308,126.855145,37.512825,양천구
서울특별시 양천구 신정로11길 74,126.8371854,37.5127825,양천구
서울특별시 양천구 신정로13가길 30,126.8450848,37.512894,양천구
서울특별시 양천구 신정로7길 81-4,126.8387903,37.5129273,양천구
서울특별시 양천구 신정이펜1로 50,126.829358152,37.5133702,양천구
서울특별시 양천구 신정이펜2로 30,126.8320256,37.5139921,양천구
서울특별시 양천구 신정중앙로 911-6,126.858316,37.526814,양천구
서울특별시 양천구 신정중앙로16길 10,126.857032,37.526346,양천구
서울특별시 양천구 신정중앙로21길 38,126.859116,37.527432,양천구
서울특별시 양천구 안양천로 1009,126.8863349,37.5328933,양천구
서울특별시 양천구 오목로 101,126.8479995,37.5240784,양천구
서울특별시 양천구 오목로 31,126.8409133,37.5223088,양천구
서울특별시 양천구 오목로 57,126.8440965,37.5226148,양천구
서울특별시 양천구 오목로13길 31,126.844791,37.525613,양천구
서울특별시 양천구 오목로23길 24,126.851138,37.5260258,양천구
서울특별시 양천구 오목로42길 13,126.860513,37.524254,양천구
서울특별시 양천구 오목로4길 15,126.841275,37.5210202,양천구
서울특별시 양천구 오목로5길 34,126.8400781,37.524653,양천구
서울특별시 양천구 월정로 280,126.8295869,37.542816,양천구
서울특별시 양천구 월정로 289,126.828533,37.542668,양천구
서울특별시 양천구 월정로19길 11,126.837666,37.528832,양천구
서울특별시 양천구 월정로42길 7,126.8330257,37.540453,양천구
서울특별시 양천구 월정로46길 9,126.832709,37.5409075,양천구
서울특별시 양천구 월정로9길 23-4,126.8387504,37.524197,양천구
서울특별시 양천구 절골8길 33,126.844269,37.5162714,양천구
서울특별시 양천구 중앙로 204,126.856634416,37.516375041,양천구
서울특별시 양천구 중앙로23길 3,126.853812,37.5153939,양천구
서울특별시 양천구 중앙로47길 30,126.850144,37.518774,양천구
서울특별시 양천구 지양로 46,126.835471,37.520019,양천구
서울특별시 양천구 지양로11길 9,126.832355,37.5219072,양천구
서울특별시 양천구 지양로15길 9,126.830974,37.522919,양천구
서울특별시 양천구 지양로5길 2,126.8339068,37.520838,양천구
서울특별시 양천구 지양로7길 26,126.831839,37.520371,양천구
서울특별시 양천구 화곡로 16,126.823381,37.5384029,양천구
서울특별시 영등포구 가마산로 316,126.894845,37.497999,영등포구
서울특별시 영등포구 가마산로 384,126.900249,37.502352,영등포구
서울특별시 영등포구 가마산로 410,126.902462,37.503707,영등포구
서울특별시 영등포구 가마산로65길 22,126.907033,37.50796,영등포구
서울특별시 영등포구 가마산로89길 7,126.921226,37.505349,영등포구
서울특별시 영등포구 경인로 756,126.898260592,37.512933,영등포구
서울특별시 영등포구 국제금융로 118,126.934133,37.517834,영등포구
서울특별시 영등포구 국회대로53길 20,126.907703721,37.527007361,영등포구
서울특별시 영등포구 당산로 187,126.899732,37.531959,영등포구
서울특별시 영등포구 당산로27길 23-2,126.893596,37.525209,영등포구
서울특별시 영등포구 당산로28길 11,126.898217,37.524812,영등포구
서울특별시 영등포구 당산로35길 3,126.897104,37.528706,영등포구
서울특별시 성동구 무학로6길 41,127.034625,37.565036,성동구
서울특별시 영등포구 대림로21길 6,126.900409,37.493508,영등포구
서울특별시 영등포구 대림로27가길 10,126.898831,37.49588,영등포구
서울특별시 영등포구 대림로8길 25,126.905821,37.492244,영등포구
서울특별시 영등포구 대방천로 180,126.910927,37.497987,영등포구
서울특별시 영등포구 대방천로 199,126.913041,37.498986,영등포구
서울특별시 영등포구 대방천로 206,126.91323,37.497784,영등포구
서울특별시 영등포구 도림로53길 32-9,126.900881,37.498772,영등포구
서울특별시 영등포구 도신로 31,126.895152695,37.506234168,영등포구
서울특별시 영등포구 도신로 68-1,126.900622815,37.5057415419,영등포구
서울특별시 영등포구 도신로4길 32,126.895727,37.500685,영등포구
서울특별시 영등포구 도신로60길 23,126.918009,37.509968,영등포구
서울특별시 영등포구 도신로60길 30,126.917206,37.509246,영등포구
서울특별시 영등포구 도신로8길 17,126.897312,37.503145,영등포구
서울특별시 영등포구 도영로22길 22,126.901385562,37.5105463373,영등포구
서울특별시 영등포구 도영로22길 31,126.902141,37.510719992,영등포구
서울특별시 영등포구 디지털로 455-7,126.906951,37.496264,영등포구
서울특별시 영등포구 문래로 104,126.893216,37.51854,영등포구
서울특별시 영등포구 문래로 56,126.887657,37.519495,영등포구
서울특별시 영등포구 버드나루로14가길 35,126.908484,37.528438,영등포구
서울특별시 영등포구 선유동1로 80,126.8944208,37.528402,영등포구
서울특별시 영등포구 선유동2로 40,126.896787,37.532337,영등포구
서울특별시 영등포구 선유로 131,126.889725,37.526378,영등포구
서울특별시 영등포구 선유로3길 23,126.885316153,37.5160567828,영등포구
서울특별시 영등포구 선유로43가길 14,126.892794,37.532816,영등포구
서울특별시 영등포구 선유로55길 32,126.896368,37.539774,영등포구
서울특별시 영등포구 선유서로 76,126.885695401,37.5225227458,영등포구
서울특별시 영등포구 선유서로24길 21,126.888358,37.5236245376,영등포구
서울특별시 영등포구 선유서로34길 10,126.88736,37.526829,영등포구
서울특별시 영등포구 시흥대로173길 14,126.902448,37.487353,영등포구
서울특별시 영등포구 신길로 132,126.910783,37.503962,영등포구
서울특별시 영등포구 신길로 190,126.911892,37.509564,영등포구
서울특별시 영등포구 신길로 27,126.908145,37.494892,영등포구
서울특별시 영등포구 신길로 93,126.908874,37.501423,영등포구
서울특별시 영등포구 신길로13길 20,126.906102,37.497564,영등포구
서울특별시 영등포구 신길로23길 43,126.906152,37.502369,영등포구
서울특별시 영등포구 신길로38길 21,126.913438,37.505557,영등포구
서울특별시 영등포구 신길로40길 10,126.912233,37.506509,영등포구
서울특별시 영등포구 신길로40길 5,126.911729,37.50708,영등포구
서울특별시 영등포구 신길로41라길 11,126.907811,37.507661,영등포구
서울특별시 영등포구 양산로 185,126.903814,37.523659,영등포구
서울특별시 영등포구 양산로 61,126.890011,37.525231,영등포구
서울특별시 영등포구 양평로20길 7,126.895548,37.537874,영등포구
서울특별시 영등포구 양평로24길 9,126.89215,37.54011,영등포구
서울특별시 영등포구 여의나루로2길 14,126.922807,37.519747,영등포구
서울특별시 영등포구 여의대방로 211,126.922179,37.505832,영등포구
서울특별시 영등포구 여의대방로 439,126.936812,37.522829,영등포구
서울특별시 영등포구 여의대방로23길 11,126.918688,37.498165,영등포구
서울특별시 영등포구 여의대방로35길 14,126.919148,37.50267,영등포구
서울특별시 영등포구 영등포로64길 8,126.916489,37.514258,영등포구
서울특별시 영등포구 영중로 163,126.905173,37.53084,영등포구
서울특별시 영등포구 영중로41길 5,126.904777,37.528458,영등포구
서울특별시 영등포구 은행로 14,126.920824,37.52708,영등포구
서울특별시 영등포구 의사당대로 1,126.91655,37.531081,영등포구
서울시 용산구 효창원로13길 38,126.951664,37.5362266,용산구
서울시 용산구 이촌로 255,126.9758833,37.5204878,용산구
서울시 용산구 원효로64길 17-10,126.9650126,37.5365099,용산구
서울시 용산구 서빙고로51길 14,126.9922356,37.5212896,용산구
서울시 용산구 녹사평대로60길 39,126.9894226,37.5453333,용산구
서울시 용산구 녹사평대로40길 19,126.9881301,37.5361201,용산구
서울시 용산구 효창원로 137,126.9611393,37.5407873,용산구
서울시 용산구 한강대로57길 33,126.9725506,37.5356168,용산구
서울시 용산구 한강대로14길 9,126.9651081,37.5252304,용산구
서울시 용산구 청파로 263,126.9696247,37.5428557,용산구
서울시 용산구 효창원로15길 15,126.952766,37.5357085,용산구
서울 용산구 이촌로81길 38,126.9778658,37.5207254,용산구
서울시 용산구 새창로12길 11-8,126.9578646,37.5387085,용산구
서울시 용산구 이촌로71길 14,126.973109,37.5210267,용산구
서울시 용산구 효창원로 17,126.9504285,37.5347624,용산구
서울시 용산구 회나무로13가길 16,126.9907151,37.5404801,용산구
서울시 용산구 이촌로84길 9-7,126.9774409,37.5183413,용산구
서울시 용산구 이촌로89길 50,126.9812777,37.5195299,용산구
서울시 용산구 이촌로81길 14,126.9768398,37.5196564,용산구
서울시 용산구 이촌로64길 72,126.9677805,37.5205242,용산구
서울시 용산구 이촌로14길 11-22,126.9544859,37.5269363,용산구
서울특별시 강남구 강남대로 124길 65,127.026898,37.51098,강남구
서울특별시 강남구 강남대로 66길 21,127.032854,37.492918,강남구
서울특별시 강남구 강남대로120길 33,127.026032,37.50817,강남구
서울특별시 강남구 개포로 109길 9,127.075096,37.495751,강남구
서울특별시 강남구 개포로 257,127.05024,37.479431,강남구
서울특별시 강남구 개포로 263,127.051863,37.480723,강남구
서울특별시 강남구 개포로 401,127.057776,37.486154,강남구
서울특별시 강남구 개포로 513,127.069478,37.490366,강남구
서울특별시 강남구 개포로 516,127.071487,37.488833,강남구
서울특별시 강남구 개포로 617-8,127.077734,37.494007,강남구
서울특별시 강남구 개포로109길 74,127.077977,37.497027,강남구
서울특별시 강남구 개포로22길 39-11,127.050117,37.477164,강남구
서울특별시 강남구 개포로22길 87,127.05209,37.475673,강남구
서울특별시 강남구 개포로36길 14,127.051249,37.478521,강남구
서울특별시 강남구 광평로 242,127.099054,37.486135,강남구
서울특별시 강남구 광평로20길 27,127.086519,37.481434,강남구
서울특별시 강남구 광평로31길 74,127.086039,37.486412,강남구
서울특별시 강남구 광평로3길 9,127.078254,37.483221,강남구
서울특별시 강남구 광평로47길 17,127.098347,37.487072,강남구
서울특별시 강남구 광평로51길 46,127.101549,37.490984,강남구
서울특별시 강남구 광평로56길 11,127.105105,37.487263,강남구
서울특별시 강남구 남부순환로 3022,127.064693,37.494332,강남구
서울특별시 강남구 남부순환로 363길 19,127.036781,37.486284,강남구
서울특별시 강남구 논현로 153길 27,127.025976,37.520723,강남구
서울특별시 강남구 논현로 213,127.040186,37.490439,강남구
서울특별시 강남구 논현로 32길 16,127.043583,37.484042,강남구
서울특별시 강남구 논현로14길 17,127.048578,37.475915,강남구
서울특별시 강남구 도곡로 18길 9,127.0385,37.490733,강남구
서울특별시 강남구 도곡로 37길 15,127.044725,37.494809,강남구
서울특별시 강남구 도곡로 73길 31-1,127.056227,37.499797,강남구
서울특별시 강남구 도곡로 78길 22,127.058851,37.496568,강남구
서울특별시 강남구 도곡로 78길 8,127.058723,37.497352,강남구
서울특별시 강남구 도산대로 56길 14,127.040066,37.52208,강남구
서울특별시 강남구 도산대로 56길 14,127.040023,37.52208,강남구
서울특별시 강남구 도산대로 83길 27,127.048148,37.526323,강남구
서울특별시 강남구 밤고개로 20길 84,127.099704,37.473719,강남구
서울특별시 강남구 밤고개로21길 15,127.108267,37.474559,강남구
서울특별시 강남구 밤고개로24길 75,127.104503,37.469884,강남구
서울특별시 강남구 봉은사로 73길 3-4,127.050498,37.51276,강남구
서울특별시 강남구 봉은사로63길 22,127.046914,37.513102,강남구
서울특별시 강남구 봉은사로68길 27,127.051243,37.510367,강남구
서울특별시 강남구 봉은사로81길 16,127.054425,37.514363,강남구
서울특별시 강남구 봉은사로82길 23,127.055454,37.511759,강남구
서울특별시 강남구 삼성로 71길 31,127.05635,37.50145,강남구
서울특별시 강남구 삼성로120길 28,127.053437,37.517579,강남구
서울특별시 강남구 삼성로135길 42,127.0451,37.519926,강남구
서울특별시 강남구 삼성로154,127.06426,37.49385,강남구
서울특별시 강남구 삼성로51길 25,127.060297,37.495794,강남구
서울특별시 강남구 삼성로64길 16,127.061603,37.49987,강남구
서울특별시 강남구 선릉로 100길 48,127.051164,37.506634,강남구
서울특별시 강남구 선릉로 10길 18-6,127.061678,37.483431,강남구
서울특별시 강남구 선릉로 129길 31,127.039009,37.515448,강남구
서울특별시 강남구 선릉로 148길 48-6,127.043338,37.522588,강남구
서울특별시 강남구 선릉로 209,127.053148,37.492828,강남구
서울특별시 강남구 선릉로 217,127.053498,37.494282,강남구
서울특별시 강남구 선릉로 29,127.058657,37.481277,강남구
서울특별시 강남구 선릉로115길 42,127.039708,37.512535,강남구
서울특별시 강남구 선릉로64길 33,127.054928,37.499321,강남구
서울특별시 강남구 압구정로 201,127.028845,37.530019,강남구
서울특별시 강남구 압구정로 311,127.035598,37.52931,강남구
서울특별시 강남구 압구정로 79길 26,127.049284,37.525052,강남구
서울특별시 도봉구 해등로 103,127.040553,37.6525531,도봉구
서울특별시 강남구 압구정로18길 28,127.024026,37.52336,강남구
서울특별시 강남구 압구정로39길 29,127.031165,37.531671,강남구
서울특별시 강남구 압구정로71길 9,127.04527,37.527973,강남구
서울특별시 강남구 양재대로 37길 19,127.083513,37.490853,강남구
서울특별시 강남구 양재대로55길 10,127.090993,37.493156,강남구
서울특별시 강남구 양재대로55길 28,127.087575,37.493117,강남구
서울특별시 강남구 양재천로 363,127.062459,37.490969,강남구
서울특별시 강남구 언주로 157길 8,127.03222,37.523923,강남구
서울특별시 강남구 언주로 25,127.055437,37.479109,강남구
서울특별시 강남구 언주로121길 5,127.035354,37.511421,강남구
서울특별시 강남구 언주로164길 36,127.036309,37.525305,강남구
서울특별시 강남구 언주로65길 5,127.045531,37.494989,강남구
서울특별시 강남구 역살모98길 16,127.063365,37.503881,강남구
서울특별시 강남구 역삼로 313,127.048933,37.501305,강남구
서울특별시 강남구 역삼로98길 16,127.063644,37.503899,강남구
서울특별시 강남구 영동대로 65길11,127.065542,37.50185,강남구
서울특별시 강남구 영동대로3길 45,127.070987,37.486627,강남구
서울특별시 강남구 영동대로3길 9,127.073678,37.48795,강남구
서울특별시 강남구 영동대로4길 20,127.076291,37.489835,강남구
서울특별시 강남구 영동대로57길 7 대치문화복지회관 3층,127.066938,37.500194,강남구
서울특별시 강남구 일원로 120,127.082553,37.484242,강남구
서울특별시 강남구 일원로 21,127.080876,37.49225,강남구
서울특별시 강남구 일원로 3길 81,127.085913,37.493297,강남구
서울특별시 강남구 일원로 5길 29,127.082926,37.491666,강남구
서울특별시 강남구 일원로 90,127.082191,37.485911,강남구
서울특별시 강남구 일원로14길 25,127.080851,37.483797,강남구
서울특별시 강남구 자곡로 150,127.0996,37.472191,강남구
서울특별시 강남구 자곡로 260,127.111611,37.476549,강남구
서울특별시 강남구 자곡로 55,127.09103,37.468857,강남구
서울특별시 강남구 테헤란로 22길 46,127.035679,37.497106,강남구
서울특별시 강남구 테헤란로27길 40,127.037559,37.504967,강남구
서울특별시 강남구 학동로 101길 26 삼익상가3층,127.05764,37.522646,강남구
서울특별시 강남구 학동로 20길 25-9,127.028969,37.511241,강남구
서울특별시 강남구 학동로 426,127.04747,37.517528,강남구
서울특별시 강남구 학동로 43길 17,127.037152,37.517216,강남구
서울특별시 강남구 학동로 610,127.060981,37.520135,강남구
서울특별시 강남구 학동로67길 15,127.046511,37.519322,강남구
서울특별시 도봉구 해등로 169,127.03773352,37.6571082049,도봉구
서울특별시 강남구 헌릉로 618길 8,127.105632,37.4642,강남구
서울특별시 강남구 헌릉로569길 41,127.096934,37.46682,강남구
서울특별시 광진구 광나루길 441,127.074938,37.547599,광진구
서울특별시 광진구 광나루로 534-1 (구의동),127.086715,37.544433,광진구
서울특별시 광진구 광나루로15길 17 (군자동),127.060671,37.549073,광진구
서울특별시 광진구 광나루로30길 49,127.071203,37.542934,광진구
서울특별시 광진구 광나루로30길 49,127.077355,37.542822,광진구
서울특별시 광진구 광나루로40길 78 (구의동),127.079921,37.541318,광진구
서울특별시 광진구 광나루로54길 36 (구의동),127.086356,37.539328,광진구
서울특별시 광진구 구의강변로3길 31 (구의동),127.081554,37.536186,광진구
서울특별시 광진구 군자로 114,127.070716,37.552987,광진구
서울특별시 광진구 군자로 74,127.038198,37.461499,광진구
서울특별시 광진구 군자로 9,127.068828,37.544349,광진구
서울특별시 광진구 군자로12길 46 (군자동 일성아파트단지내),127.070383,37.55132,광진구
서울특별시 광진구 긴고랑로 148 (중곡동),127.082342,37.55857,광진구
서울특별시 광진구 긴고랑로 7길 65,127.078271,37.566152,광진구
서울특별시 광진구 긴고랑로13길 59,127.080187,37.565124,광진구
서울특별시 광진구 긴고랑로7길 69 (중곡동),127.063006,37.566295,광진구
서울특별시 광진구 능동로 42,127.066967,37.534572,광진구
서울특별시 광진구 능동로4길 13,127.06619,37.533767,광진구
서울특별시 광진구 능동로4길 88 (자양동),127.062416,37.53078,광진구
서울특별시 광진구 답십리로78길 26 (중곡동),127.078826,37.570346,광진구
서울특별시 광진구 동일로 256 (군자동),127.068994,37.554292,광진구
서울특별시 광진구 동일로 456 성수교회 2층 1호(중곡동),127.078049,37.570679,광진구
서울특별시 광진구 동일로 458 (중곡동),127.071484,37.570926,광진구
서울특별시 광진구 동일로 72길 43,127.077882,37.566096,광진구
서울특별시 광진구 동일로4가길 2 (자양동),127.053441,37.536087,광진구
서울특별시 광진구 동일로72길 9 (중곡동),127.075993,37.566069,광진구
서울특별시 광진구 동일로80길 30 (중곡동),127.072668,37.569899,광진구
서울특별시 광진구 뚝섬로 41길 20,127.072745,37.534239,광진구
서울특별시 광진구 뚝섬로 476-15 (자양동),127.06019,37.536405,광진구
서울특별시 광진구 뚝섬로 561,127.06336,37.534686,광진구
서울특별시 광진구 뚝섬로 59길 18(자양동),127.081938,37.532878,광진구
서울특별시 광진구 뚝섬로23길 27,127.06244,37.537239,광진구
서울특별시 광진구 뚝섬로35길 16-20,127.069384,37.5351,광진구
서울특별시 광진구 뚝섬로43길 14 (자양동),127.068158,37.533347,광진구
서울특별시 광진구 뚝섬로56길 7,127.080938,37.531101,광진구
서울특별시 광진구 면목로4길 3 (군자동),127.067272,37.555785,광진구
서울특별시 광진구 면목로5길 54 (군자동),127.070827,37.556209,광진구
서울특별시 광진구 아차산로 21길 15 (화양동),127.062718,37.542766,광진구
서울특별시 광진구 아차산로 44길 26,127.07707,37.536965,광진구
서울특별시 광진구 아차산로 44길 26(자양동),127.077327,37.536795,광진구
서울특별시 광진구 아차산로41길 22-5,127.076383,37.538766,광진구
서울특별시 광진구 아차산로44가길 5 (화양동),127.079839,37.536172,광진구
서울특별시 광진구 아차산로55길 59 (구의동),127.077563,37.54006,광진구
서울특별시 광진구 용마산로 185 (중곡동),127.083659,37.570457,광진구
서울특별시 광진구 용마산로22길 82,127.086381,37.566735,광진구
서울특별시 광진구 용마산로3길 60 (중곡동),127.076229,37.556563,광진구
서울특별시 광진구 자양동 뚝섬로46길 64,127.073328,37.52999,광진구
서울특별시 광진구 자양동 뚝섬로46길 64,127.0733,37.530017,광진구
서울특별시 광진구 자양로35길 13(구의동),127.085584,37.546694,광진구
서울특별시 광진구 자양로5길 36,127.081549,37.531156,광진구
서울특별시 광진구 자양번영로 35 (자양동),127.066464,37.532877,광진구
서울특별시 광진구 천호대로 111길 41,127.080604,37.558236,광진구
서울특별시 광진구 천호대로 113길 10,127.08191,37.557931,광진구
서울특별시 광진구 천호대로102길 41 (군자동),127.064697,37.557168,광진구
서울특별시 광진구 천호대로114길 47 (능동),127.073198,37.553551,광진구
서울특별시 광진구 천호대로130길 58,127.084788,37.549473,광진구
서울특별시 광진구 천호대로130길 58 (능동 경복초등학교),127.085389,37.549595,광진구
서울특별시 동대문구 답십리로48길 38,127.057703353,37.57114155,동대문구
서울특별시 동대문구 답십리로56길 21,127.060092,37.569807,동대문구
서울특별시 동대문구 답십리로66길 75-4,127.0669403,37.56894421,동대문구
서울특별시 동대문구 장한로14길 61,127.0713495,37.5657342,동대문구
서울특별시 동대문구 장한로18길 82-14,127.0727097,37.5673199,동대문구
서울특별시 동대문구 장한로26다길 38,127.0726995,37.57007078,동대문구
서울특별시 동대문구 장한로5길 45,127.0638865,37.5650705,동대문구
서울특별시 동대문구 장한로8길 87,127.0713627,37.5628519,동대문구
서울특별시 동대문구 전농로 23,127.0564912,37.5671669,동대문구
서울특별시 동대문구 전농로3길 23,127.0554295,37.569003,동대문구
서울특별시 동대문구 천호대로89길 58,127.069485,37.5640193,동대문구
서울특별시 동대문구 한천로6길 21,127.0613465,37.5643765,동대문구
서울특별시 마포구 굴레방로 6,126.9559661,37.5555103,마포구
서울특별시 도봉구 해등로 241,127.029886915,37.6575825684,도봉구
서울특별시 마포구 대흥로24바길 27,126.9495758,37.5535966,마포구
서울특별시 마포구 독막로 113,126.9265893,37.5483494,마포구
서울특별시 마포구 독막로 145,126.929489996,37.5490284045,마포구
서울특별시 마포구 마포대로24길 42,126.9608016,37.5522966,마포구
서울특별시 마포구 매봉산로 24-1,126.8903822,37.574336,마포구
서울특별시 마포구 방울내로 19,126.898307914,37.5580769107,마포구
서울특별시 마포구 방울내로5길 28,126.9008405,37.5608234,마포구
서울특별시 마포구 백범로17길 9,126.9440167,37.5486147,마포구
서울특별시 마포구 백범로17길 9,126.9440167,37.548669,마포구
서울특별시 마포구 백범로1길 56,126.9393201,37.5548546,마포구
서울특별시 마포구 백범로1길 56,126.939314,37.5548546,마포구
서울특별시 마포구 백범로25길 99-12,126.947796,37.550162,마포구
서울특별시 마포구 새터산16길 12,126.9080453,37.567456,마포구
서울특별시 마포구 새터산2길 34,126.909024,37.565336,마포구
서울특별시 마포구 성미산로 110,126.919295,37.561824,마포구
서울특별시 마포구 성미산로 111,126.919167412,37.5635098256,마포구
서울특별시 마포구 성미산로 51,126.9134939,37.5601072,마포구
서울특별시 마포구 성미산로11길 36,126.9163725,37.5621879,마포구
서울특별시 마포구 성미산로7길 24,126.910926448,37.5605954796,마포구
서울특별시 마포구 신촌로20길 15,126.9384358,37.5545628,마포구
서울특별시 마포구 양화로3길 94,126.9111567,37.5534098,마포구
서울특별시 마포구 와우산로23길 20-27,126.925167,37.5546731,마포구
서울특별시 마포구 와우산로30길 79,126.928204,37.5519809,마포구
서울특별시 마포구 와우산로37길 16,126.9300934,37.5562356,마포구
서울특별시 마포구 월드컵로25길 86,126.9023504,37.5582046,마포구
서울특별시 마포구 월드컵로36길 34,126.9052439,37.5672887,마포구
서울특별시 마포구 월드컵북로 152,126.911279,37.5666246,마포구
서울특별시 마포구 월드컵북로 235,126.901416294,37.5696987915,마포구
서울특별시 마포구 월드컵북로 353,126.8922651,37.5759905,마포구
서울특별시 마포구 월드컵북로30길 14,126.9086641,37.5684944,마포구
서울특별시 마포구 월드컵북로38길 26,126.9051164,37.5712061,마포구
서울특별시 마포구 월드컵북로62길 11,126.8947156,37.5781678,마포구
서울특별시 마포구 잔다리로6길 11,126.919813,37.552418,마포구
서울특별시 마포구 창전로 69,126.932464,37.5485756,마포구
서울특별시 서대문구 가좌로길 5,126.922319,37.584535,서대문구
서울특별시 서대문구 거북골로16길 36,126.913035,37.578006,서대문구
서울특별시 서대문구 거북골로19길 20,126.907464,37.577685,서대문구
서울특별시 서대문구 경기대로9길 10,126.962782,37.565347,서대문구
서울특별시 서대문구 독립문로10,126.959666,37.570385,서대문구
서울특별시 서대문구 명지2길 32-20,126.928514,37.583552,서대문구
서울특별시 서대문구 명지대길 39-4,126.924113,37.582022,서대문구
서울특별시 서대문구 모래내로 430,126.942932,37.584244,서대문구
서울특별시 서대문구 모래내로 441,126.943084,37.585093,서대문구
서울특별시 서대문구 모래내로15길 36,126.918151,37.574695,서대문구
서울특별시 서대문구 백련사길 55,126.930689,37.582206,서대문구
서울특별시 서대문구 북아현로11가길 7,126.953412,37.563671,서대문구
서울특별시 서대문구 북아현로5나길 84,126.951959,37.559433,서대문구
서울특별시 서대문구 성산로 512-39,126.942557,37.560729,서대문구
서울특별시 서대문구 세검정로 105,126.949721,37.597265,서대문구
서울특별시 서대문구 세무서길 33-9,126.945194,37.590337,서대문구
서울특별시 서대문구 신촌로 43,126.931436,37.557632,서대문구
서울특별시 서대문구 연대동문길 41,126.944251,37.564327,서대문구
서울특별시 서대문구 연세로5나길 30-3,126.933906,37.557798,서대문구
서울특별시 서대문구 연희로 136,126.933772,37.569222,서대문구
서울특별시 서대문구 연희로22길 39,126.937294,37.569452,서대문구
서울특별시 서대문구 이화여대2길 27,126.947826,37.557969,서대문구
서울특별시 서대문구 이화여대8길 28,126.947323,37.562735,서대문구
서울특별시 서대문구 증가로10길 16-9,126.923966,37.578348,서대문구
서울특별시 서대문구 증가로12가길 49-50,126.918057,37.579748,서대문구
서울특별시 서대문구 증가로20나길 12,126.919515,37.589126,서대문구
서울특별시 서대문구 충정로 52,126.965787,37.563179,서대문구
서울특별시 서대문구 통일로 165,126.963085,37.568806,서대문구
서울특별시 서대문구 통일로 321,126.951634,37.579522,서대문구
서울특별시 서대문구 통일로25길 30,126.947237,37.583437,서대문구
서울특별시 서대문구 통일로32길 23,126.949475,37.586142,서대문구
서울특별시 서대문구 통일로34길 19,126.94872,37.58582,서대문구
서울특별시 서대문구 통일로34길 66,126.951501,37.586488,서대문구
서울특별시 서대문구 통일로40길 18,126.943955,37.590144,서대문구
서울특별시 서대문구 홍은중앙로13,126.944555,37.59292,서대문구
서울특별시 서초구 강남대로37길 43,127.0310582,37.484622,서초구
서울특별시 서초구 고무래로 63,127.0151377,37.5027958,서초구
서울특별시 서초구 고무래로 90-6,127.0165694,37.500647,서초구
서울특별시 도봉구 해등로 264,127.027607019,37.6583039096,도봉구
서울특별시 서초구 고무래로8길 21,127.0095516,37.5010268,서초구
서울특별시 서초구 나루터로 15,127.0116439,37.5170464,서초구
서울특별시 서초구 나루터로4길 28,127.012021,37.5113149,서초구
서울특별시 서초구 남부순환로 2271-1,127.0002477,37.4746298,서초구
서울특별시 서초구 남부순환로 2543-5,127.0284114,37.4841569,서초구
서울특별시 서초구 남부순환로317길 15,127.0098006,37.4801745,서초구
서울특별시 서초구 남부순환로339길 38,127.0222731,37.4851011,서초구
서울특별시 서초구 남부순환로347길 46,127.0314197,37.48642194,서초구
서울특별시 서초구 논현로5길 31-11,127.0489979,37.4711033,서초구
서울특별시 서초구 바우뫼로 89,127.0311795,37.47435569,서초구
서울특별시 서초구 바우뫼로18길 14,127.0316178,37.473765,서초구
서울특별시 서초구 바우뫼로7길 38,127.0239065,37.4721905,서초구
서울특별시 서초구 반포대로 310-5,127.0008832,37.5068308,서초구
서울특별시 서초구 방배로18길 52,126.9982024,37.4853425,서초구
서울특별시 서초구 사임당로19길 51,127.0180788,37.4917669,서초구
서울특별시 서초구 사평대로20길 54,126.9967752,37.4969869,서초구
서울특별시 서초구 사평대로28길 70,127.0003038,37.4974379,서초구
서울특별시 서초구 사평대로45길 26,127.0124612,37.5061857,서초구
서울특별시 서초구 서운로 178,127.0242296,37.499331,서초구
서울특별시 서초구 서운로 35,127.0259307,37.4913032,서초구
서울특별시 서초구 서초대로64길 73,127.0218007,37.4925169,서초구
서울특별시 서초구 서초대로74길 30,127.0267841,37.4947315,서초구
서울특별시 서초구 서초중앙로 200,127.0155431,37.4985336,서초구
서울특별시 서초구 서초중앙로 96,127.0158653,37.4899286,서초구
서울특별시 서초구 서초중앙로33길 10,127.0108398,37.5012633,서초구
서울특별시 서초구 신반포로 318,127.0184672,37.5099591,서초구
서울특별시 서초구 신반포로15길 18,126.9944697,37.5048482,서초구
서울특별시 서초구 신반포로16길 15-25,126.998053,37.50185855,서초구
서울특별시 서초구 신반포로19길 23,126.9964732,37.5044669,서초구
서울특별시 서초구 신반포로19길 30,126.995664,37.5049871,서초구
서울특별시 서초구 신반포로33길 22,127.0109679,37.5098757,서초구
서울특별시 서초구 양재대로2길 100-64,127.0162166,37.4560854,서초구
서울특별시 서초구 양재대로2길 74,127.0189383,37.45652907,서초구
서울특별시 서초구 언남길 8,127.0420771,37.4710476,서초구
서울특별시 서초구 잠원로3길 31,127.004773,37.50904489,서초구
서울특별시 서초구 잠원로3길 40,127.0036319,37.5081687,서초구
서울특별시 서초구 잠원로8길 13,127.0102178,37.5152074,서초구
서울특별시 서초구 청계산로11길 14,127.0577441,37.447737,서초구
서울특별시 서초구 태봉로 59,127.0237457,37.46470939,서초구
서울특별시 서초구 헌릉로468길 21-16,127.0921844,37.4603732,서초구
서울특별시 서초구 헌릉로8길 42,127.0613427,37.4539774,서초구
서울특별시 서초구 효령로 110,126.9961191,37.4806567,서초구
서울특별시 서초구 효령로67길 4,127.0237173,37.4873913,서초구
서울특별시 성동구 고산자로 164,127.03527436,37.5564828274,성동구
서울특별시 성동구 고산자로8길 6,127.034601,37.5564432,성동구
서울특별시 성동구 금호로 100,127.02609293,37.5545318506,성동구
서울특별시 성동구 금호로 173,127.0197352,37.5562227,성동구
서울특별시 성동구 금호로1길 25,127.021758,37.5459839,성동구
서울특별시 성동구 금호산2길 35,127.023112471,37.5487913111,성동구
서울특별시 성동구 난계로 18,127.024876,37.553615,성동구
서울특별시 성동구 독서당로 218,127.0141937,37.5422258,성동구
서울특별시 성동구 독서당로 251,127.017485,37.5460601,성동구
서울특별시 성동구 독서당로 272,127.017941,37.5453287728,성동구
서울특별시 성동구 독서당로 384,127.0311323,37.5498491,성동구
서울특별시 성동구 독서당로 434,127.034055406,37.5538630841,성동구
서울특별시 성동구 독서당로62길 28,127.033827432,37.5502519492,성동구
서울특별시 성동구 독서당로63길 34,127.0312878,37.553126,성동구
서울특별시 성동구 동일로43길 9,127.0694688,37.5542158,성동구
서울특별시 성동구 동호로5길 133,127.010012377,37.5464613636,성동구
서울특별시 성동구 뚝섬로 332,127.0468669,37.540391,성동구
서울특별시 성동구 뚝섬로13길 22,127.058068919,37.5404360421,성동구
서울특별시 성동구 마장로 141,127.025528,37.5677587,성동구
서울특별시 성동구 마장로 161,127.0277668,37.5677035,성동구
서울특별시 성동구 마장로29길 29,127.035107796,37.5681237525,성동구
서울특별시 성동구 마장로42길 26,127.0464841,37.5651936,성동구
서울특별시 성동구 마장로44길 10,127.0454726,37.566426,성동구
서울특별시 성동구 무수막길 69,127.0203276,37.5522036,성동구
서울특별시 성동구 무학로 50,127.032672323,37.5691083388,성동구
서울특별시 성동구 무학로10길 21,127.0335741,37.5660906,성동구
서울특별시 성동구 무학봉15가길 4,127.0306547,37.5614705,성동구
서울특별시 성동구 무학봉15길 21,127.029515,37.5632029,성동구
서울특별시 성동구 무학봉16길 9-3,127.0320321,37.560837,성동구
서울특별시 성동구 사근동10길 24,127.0488524,37.5592055,성동구
서울특별시 성동구 사근동11길 16,127.047835,37.562834,성동구
서울특별시 성동구 살곶이길 208,127.0506164,37.5577347,성동구
서울특별시 성동구 성덕정길 23,127.0464685,37.5394137,성동구
서울특별시 성동구 성수일로 34,127.0502832,37.5436794,성동구
서울특별시 성동구 아차산로17길 21,127.0631573,37.544058,성동구
서울특별시 성동구 용답25길 1,127.0535444,37.5607767,성동구
서울특별시 성동구 용답중앙길 89-2,127.055149,37.5623123,성동구
서울특별시 성동구 자동차시장길 22,127.05640087,37.5611850381,성동구
서울특별시 성동구 청계천로 506,127.03344254,37.5702217535,성동구
서울특별시 성동구 한림말길 16-5,127.012722,37.5404159,성동구
서울특별시 성동구 한림말길 43,127.0156748,37.5418092,성동구
서울특별시 성동구 행당로 95,127.0293584,37.557565,성동구
서울특별시 성동구 행당로1길 13,127.023576,37.557465,성동구
서울특별시 성북구 성북로31길 5-15,126.9912731,37.5940409,성북구
서울특별시 송파구 가락로11길 26,127.1048724,37.5027584,송파구
서울특별시 송파구 가락로23길 9,127.1122247,37.503545,송파구
서울특별시 송파구 백제고분로20길 16,127.08572132,37.5034276476,송파구
서울특별시 송파구 백제고분로28길 19,127.0927452,37.5015071,송파구
서울특별시 송파구 백제고분로36가길 21,127.102431,37.504517,송파구
서울특별시 송파구 백제고분로40길 20,127.106653,37.502878,송파구
서울특별시 송파구 백제고분로41길 20,127.107597,37.507711,송파구
서울특별시 송파구 백제고분로42길 5,127.109705,37.505896,송파구
서울특별시 송파구 삼전로7길 22,127.0863534,37.5058262,송파구
서울특별시 송파구 석촌호수로 159,127.094988,37.5084993,송파구
서울특별시 송파구 석촌호수로 159,127.0949748,37.508405,송파구
서울특별시 송파구 석촌호수로 81,127.0890283,37.5103926,송파구
서울특별시 송파구 석촌호수로18길 11-5,127.1014705,37.5060548,송파구
서울특별시 송파구 송이로 75,127.1198579,37.5003769,송파구
서울특별시 송파구 송파대로36길 32-6,127.115237,37.501047,송파구
서울특별시 송파구 송파대로36길 8,127.1135642,37.4994062,송파구
서울특별시 송파구 송파대로37길 45,127.1076957,37.5001667,송파구
서울특별시 송파구 송파대로37길 45,127.107614,37.5001667,송파구
서울특별시 송파구 송파대로37길 95,127.102596,37.498614,송파구
서울특별시 송파구 송파대로49길 23,127.1021089,37.5068634,송파구
서울특별시 송파구 오금로24길 25,127.1173577,37.504668,송파구
서울특별시 송파구 오금로32길 13,127.120402,37.504712,송파구
서울특별시 송파구 올림픽로 215,127.0953838,37.5137862,송파구
서울특별시 송파구 올림픽로 95,127.081635084,37.5147399506,송파구
서울특별시 송파구 올림픽로12길 51,127.084294,37.5071595,송파구
서울특별시 송파구 올림픽로4길 32,127.074212,37.507822,송파구
서울특별시 송파구 올림픽로4길 59,127.075766882,37.5058275216,송파구
서울특별시 송파구 잠실로 32,127.0879195,37.5141325,송파구
서울특별시 송파구 중대로4길 8,127.1110221,37.4893692,송파구
서울특별시 은평구 가좌로 275-2,126.9121215,37.592614,은평구
서울특별시 은평구 가좌로 361,126.9048,37.5976771,은평구
서울특별시 은평구 가좌로11길 5-3,126.9076396,37.5962976106,은평구
서울특별시 은평구 가좌로5길 5,126.9217386,37.5850457,은평구
서울특별시 은평구 가좌로6길 20,126.9217624,37.588281,은평구
서울특별시 은평구 가좌로7다길 13,126.9180933,37.584587,은평구
서울특별시 은평구 갈현로 169-7,126.910725,37.613278,은평구
서울특별시 은평구 갈현로 170-1,126.9119458,37.613139,은평구
서울특별시 은평구 갈현로 212-1,126.914224,37.616055,은평구
서울특별시 은평구 갈현로 41길 26-2,126.9149572,37.6256243,은평구
서울특별시 은평구 갈현로11길 30,126.907072,37.6056209,은평구
서울특별시 은평구 갈현로15길 51,126.9058482,37.6092227,은평구
서울특별시 은평구 갈현로15길 51,126.9058482,37.609239,은평구
서울특별시 은평구 갈현로19길 16,126.9111987,37.615538,은평구
서울특별시 은평구 갈현로29길 27,126.9126173,37.619722,은평구
서울특별시 은평구 갈현로33가길 24-1,126.913447,37.623555,은평구
서울특별시 은평구 갈현로3길 48,126.904802,37.6006912,은평구
서울특별시 은평구 갈현로4길 42,126.914225,37.6000472,은평구
서울특별시 은평구 녹번로 29-2,126.928055,37.604894,은평구
서울특별시 은평구 녹번로1길 1,126.926111,37.604291,은평구
서울특별시 은평구 대서문길 42-3,126.950331,37.6540608,은평구
서울특별시 은평구 백련산로 36,126.922725,37.588838,은평구
서울특별시 은평구 백련산로14길 20-11,126.9281816,37.5981837,은평구
서울특별시 은평구 백련산로2길 35,126.925112043,37.5905111346,은평구
서울특별시 은평구 불광로 107,126.932639,37.6162634,은평구
서울특별시 은평구 불광로 51,126.930720412,37.6134285463,은평구
서울특별시 은평구 불광로14길 10-10,126.934244,37.620489,은평구
서울특별시 은평구 서오릉로15길 16,126.9094685,37.6124476,은평구
서울특별시 은평구 수색로16길 21,126.895422,37.5850571,은평구
서울특별시 은평구 수색로16길 21,126.8954934,37.585073,은평구
서울특별시 은평구 연서로 117,126.9151623,37.6101791,은평구
서울특별시 은평구 연서로 347,126.9282737,37.6262605,은평구
서울특별시 은평구 연서로14길 14-5,126.917391,37.608195,은평구
서울특별시 은평구 연서로17길 35-1,126.9135372,37.613523,은평구
서울특별시 은평구 연서로18길 17,126.9195423,37.6132233,은평구
서울특별시 은평구 연서로27길 23,126.9169211,37.6183134,은평구
서울특별시 은평구 연서로29길 31,126.9166431,37.6192867,은평구
서울특별시 은평구 연서로34길 22,126.9294874,37.620805,은평구
서울특별시 은평구 연서로35길 37,126.924019,37.6238264,은평구
서울특별시 은평구 연서로35길 37,126.9240662,37.623843,은평구
서울특별시 은평구 연서로37길 19,126.9262941,37.6231818173,은평구
서울특별시 은평구 은평로 239,126.9341059,37.6019568,은평구
서울특별시 은평구 은평로 239,126.9341059,37.601973,은평구
서울특별시 은평구 은평로3가길 32,126.9114685,37.599004,은평구
서울특별시 은평구 은평로3길 25,126.9142657,37.6017363,은평구
서울특별시 은평구 은평로4길 21-9,126.9188333,37.5979615,은평구
서울특별시 은평구 은평로4길 21-9,126.9188333,37.597978,은평구
서울특별시 은평구 은평터널로 150,126.9074411,37.5923108,은평구
서울특별시 은평구 은평터널로 150,126.9074411,37.592327,은평구
서울특별시 은평구 은평터널로 51,126.8994297,37.5855516,은평구
서울특별시 은평구 응암로 376,126.9232067,37.6044835,은평구
서울특별시 은평구 응암로12길 26-10,126.9189653,37.586837,은평구
서울특별시 은평구 응암로16길 20-9,126.919501,37.590942,은평구
서울특별시 은평구 응암로22길 9-9,126.9192887,37.5941931,은평구
서울특별시 은평구 응암로28길 34,126.921523,37.593914,은평구
서울특별시 은평구 증산로21길 22,126.912308,37.596197,은평구
서울특별시 은평구 증산서길 61,126.9043095,37.5821614,은평구
서울특별시 은평구 증산서길 88,126.907226,37.5839762,은평구
서울특별시 은평구 진관1로 21-20,126.9209282,37.632607,은평구
서울특별시 은평구 진관1로 40,126.9236287,37.6304386,은평구
서울특별시 은평구 진관1로 77-23,126.929152,37.6327684,은평구
서울특별시 은평구 진관1로 77-23,126.9291409,37.632785,은평구
서울특별시 은평구 진관2로 111-16,126.930958964,37.6347136025,은평구
서울특별시 은평구 진관2로 37,126.917566,37.6370354,은평구
서울특별시 은평구 진관3로 73-17,126.9200278,37.6351712,은평구
서울특별시 은평구 진관4로 31,126.924813306,37.6443251537,은평구
서울특별시 은평구 진관4로 78-16,126.9291301,37.645052,은평구
서울특별시 은평구 진관4로 93,126.929827064,37.6480691262,은평구
서울특별시 은평구 진흥로12길 23,126.926723,37.6066376,은평구
서울특별시 은평구 진흥로7길 25,126.9188633,37.604196,은평구
서울특별시 은평구 통일로 650,126.935057489,37.6065618716,은평구
서울특별시 은평구 통일로 790-1,126.9262062,37.615361,은평구
서울특별시 은평구 통일로69길 12-15,126.9261543,37.6118312,은평구
서울특별시 은평구 통일로78가길 20,126.9275474,37.6177491,은평구
서울특별시 은평구 통일로78길 10,126.923779,37.617722,은평구
서울특별시 종로구 북촌로4길 7,126.9855858,37.5799027,종로구
서울특별시 종로구 비봉길23,126.9560699,37.6108309,종로구
서울특별시 종로구 사직로7길17,126.965217,37.574721,종로구
서울특별시 종로구 사직로8길 9,126.969952,37.575477,종로구
서울특별시 종로구 사직로9길19,126.9668504,37.5772345,종로구
서울특별시 종로구 삼일대로454,126.9878998,37.5748894,종로구
서울특별시 종로구 세검정로6다길 10-7,126.963076,37.6015004,종로구
서울특별시 종로구 세검정로9길1,126.9608999,37.6033878,종로구
서울특별시 종로구 송월1길 73-7,126.9644381,37.5727172,종로구
서울특별시 종로구 옥인길 23-4,126.967169,37.580716,종로구
서울특별시 종로구 자하문로105,126.9691707,37.5859741,종로구
서울특별시 종로구 자하문로28길 8,126.9710634,37.5847697,종로구
서울특별시 종로구 자하문로310,126.9594842,37.6001344,종로구
서울특별시 종로구 자하문로35길 21,126.9660043,37.5883981,종로구
서울특별시 종로구 자하문로43길 4-13,126.960504,37.5985179,종로구
서울특별시 종로구 자하문로69,126.970311,37.582135,종로구
서울특별시 종로구 통일로12길 23,126.9602252,37.5741434,종로구
서울특별시 종로구 평창길317,126.977438,37.614309,종로구
서울특별시 종로구 평창문화로 73-7,126.968167,37.606437,종로구
서울특별시 종로구 필운대로 97 필운대로103,126.9676572,37.5845561,종로구
서울특별시 종로구 홍지문2길1,126.956708,37.6005802,종로구
서울특별시 종로구 효자로39,126.973221,37.5797195,종로구
서울특별시 중구 난계로 141,127.0237741,37.563965,중구
서울특별시 중구 난계로15길 23,127.022284,37.568784,중구
서울특별시 중구 다산로 170,127.014323,37.558812,중구
서울특별시 중구 다산로 269,127.015011,37.567567,중구
서울특별시 중구 다산로 32,127.011218,37.551449,중구
서울특별시 중구 다산로 32,127.011859,37.549369,중구
서울특별시 중구 다산로 48길 36 주변,127.0183142,37.567262,중구
서울특별시 중구 다산로24길 81,127.016743,37.557162,중구
서울특별시 중구 다산로38길 80,127.019338,37.561608,중구
서울특별시 중구 다산로6길 15,127.009394,37.552446,중구
서울특별시 중구 다산로8길 32,127.010899,37.552539,중구
서울특별시 중구 덕수궁길 140,126.974556,37.568642,중구
서울특별시 중구 동호로10길 27,127.011848,37.5553533,중구
서울특별시 중구 동호로10길 30,127.014231,37.554461,중구
서울특별시 중구 동호로15길 50,127.008224,37.554302,중구
서울특별시 중구 동호로20길 24,127.009055,37.559141,중구
서울특별시 중구 동호로5길 193,127.008951,37.546567,중구
서울특별시 중구 만리재로35길 12,126.967583,37.555723,중구
서울특별시 중구 명동2길 35,126.983765,37.562155,중구
서울특별시 중구 서소문로11길 24,126.973035,37.56393448,중구
서울특별시 중구 소파로2길7,126.988095,37.557667,중구
서울특별시 중구 손기정로 73,126.964102,37.556575,중구
서울특별시 중구 중림로 27,126.967101,37.558827,중구
서울특별시 중구 청구로17길40,127.0114141,37.559911,중구
서울특별시 중구 청구로6길 11,127.014567,37.560917,중구
서울특별시 중구 청구로8길 41,127.014143,37.562236,중구
서울특별시 중구 퇴계로 36가길 60,126.995473,37.557611,중구
서울특별시 중구 퇴계로12가길 23,126.981074,37.5558283,중구
서울특별시 중구 퇴계로22길 17,126.986781,37.559816,중구
서울특별시 중구 퇴계로50길 13,127.001826,37.561902,중구
서울특별시 중구 퇴계로6길 36,126.9787684,37.556686,중구
서울특별시 중구 퇴계로88가길 8-10,127.020756,37.563011,중구
서울특별시 중구 퇴계로88다길 19,127.020104,37.563273,중구
서울시 용산구 한남대로 112,127.0049009,37.5394027,용산구
서울시 용산구 우사단로 20,126.9967117,37.5327423,용산구
서울시 용산구 두텁바위로 140,126.9823408,37.5512765,용산구
서울시 용산구 효창원로 228,126.9642522,37.5479929,용산구
서울시 용산구 보광로24길 9-4,126.9996299,37.5286852,용산구
서울시 용산구 후암로34길 21-8,126.9781855,37.5520253,용산구
서울시 용산구 보광로12가길 48-4,127.0009539,37.5288135,용산구
서울시 용산구 녹사평대로14길 7,126.9940304,37.5236209,용산구
서울시 용산구 이태원로27길 34-30,126.9954026,37.5353499,용산구
서울시 용산구 독서당로123-6,127.0118933,37.537348,용산구
서울시 용산구 대사관로5길 1,127.0005085,37.534572,용산구
서울특별시 강동구 강동대로55길 83,127.1337598,37.525911,강동구
서울특별시 강동구 고덕로 295-59,127.158909,37.5582554,강동구
서울특별시 강동구 고덕로20나길 55,127.1305028,37.5536692,강동구
서울특별시 강동구 고덕로24가길 36,127.137505,37.5532256893,강동구
서울특별시 강동구 고덕로27길 33-19,127.1373773,37.5561083,강동구
서울특별시 강동구 고덕로38길 8,127.142569508,37.5545423636,강동구
서울특별시 강동구 고덕로46길 53,127.14682,37.5530322,강동구
서울특별시 강동구 고덕로62길 58,127.152619264,37.5523674081,강동구
서울특별시 강동구 고덕로80길 5,127.1656874,37.5562973,강동구
서울특별시 강동구 고덕로83길 68,127.1694389,37.5603217,강동구
서울특별시 강동구 고덕로97길 80 1,127.180268863,37.5618681803,강동구
서울특별시 강동구 구천면로 238,127.1308643,37.5416383,강동구
서울특별시 강동구 구천면로 266,127.1333855,37.5441771,강동구
서울특별시 강동구 구천면로 310-11,127.1364529,37.5473577,강동구
서울특별시 강동구 구천면로 645,127.169247681,37.5511121799,강동구
서울특별시 강동구 구천면로 668,127.1721839,37.5507799,강동구
서울특별시 강동구 구천면로39길 26,127.131908,37.5458079,강동구
서울특별시 강동구 구천면로93길 20,127.1690875,37.5520025,강동구
서울특별시 강동구 구천면로93길 54,127.168472,37.5529037,강동구
서울특별시 강동구 동남로67길 42,127.1535042,37.5488256,강동구
서울특별시 강동구 동남로79길 46,127.1531803,37.5584546,강동구
서울특별시 강동구 동남로81길 16,127.1557401,37.5605922,강동구
서울특별시 강동구 동남로82길 94-54,127.1607706,37.5589001,강동구
서울특별시 강동구 동남로83길 66,127.1531555,37.5598384,강동구
서울특별시 강동구 명일로 129,127.1430056,37.5305225,강동구
서울특별시 강동구 명일로 23,127.1393877,37.5223146,강동구
서울특별시 강동구 명일로 251,127.1468757,37.5411928,강동구
서울특별시 강동구 명일로 364,127.1507304,37.5512241,강동구
서울특별시 강동구 명일로24길 33,127.149988967,37.5409577,강동구
서울특별시 강동구 상암로 11,127.1256829,37.552482,강동구
서울특별시 강동구 상암로 271,127.1528696,37.5476037,강동구
서울특별시 강동구 상암로 369,127.163933,37.5462769,강동구
서울특별시 강동구 상암로 89,127.1329509,37.5478997,강동구
서울특별시 강동구 상암로14길 77,127.1304605,37.5461063,강동구
서울특별시 강동구 상암로4가길 28,127.1249616,37.5505729,강동구
서울특별시 강동구 상암로4길 98,127.124518,37.5465048,강동구
서울특별시 강동구 상암로63길 39-10,127.1535579,37.548479,강동구
서울특별시 강동구 상일로 74-1,127.1733219,37.5548237,강동구
서울특별시 강동구 상일로10길 41,127.1749825,37.5505854,강동구
서울특별시 강동구 성내로15길 33,127.1283448,37.5291763,강동구
서울특별시 강동구 성내로18길 19,127.1291451,37.5259831,강동구
서울특별시 강동구 성내로3가길 61,127.126625911,37.5304930519,강동구
서울특별시 강동구 성내로3길 19,127.1224451,37.5314221,강동구
서울특별시 강동구 성안로 200,127.137571,37.540569,강동구
서울특별시 강동구 성안로 64,127.1316972,37.5291432,강동구
서울특별시 강동구 성안로31마길 6,127.1336179,37.5408215,강동구
서울특별시 강동구 아리수로 46-14,127.1347874,37.55586966,강동구
서울특별시 강동구 아리수로82길 42,127.1663766,37.5610786,강동구
서울특별시 강동구 아리수로98길 24,127.1771117,37.5649609,강동구
서울특별시 강동구 아리수로98길 62,127.178320637,37.5631469484,강동구
서울특별시 강동구 암사길 57,127.1356972,37.5521359,강동구
서울특별시 강동구 양재대로 1305,127.1339492,37.5229326,강동구
서울특별시 강동구 양재대로103길 28,127.1363923,37.5333784,강동구
서울특별시 강동구 양재대로116길 57,127.143502176,37.5380968,강동구
서울특별시 강동구 양재대로122가길 31,127.1428147,37.5435458,강동구
서울특별시 강동구 양재대로124길 89-18,127.1473249,37.5427659,강동구
서울특별시 강동구 양재대로124길 89-18,127.1473249,37.5427864,강동구
서울특별시 강동구 양재대로125길 30,127.1406641,37.5445763,강동구
서울특별시 강동구 양재대로134길 41,127.1459154,37.5478059,강동구
서울특별시 강동구 양재대로156길 11,127.1460547,37.5568446,강동구
서울특별시 강동구 양재대로156길 121,127.151306748,37.5569641818,강동구
서울특별시 강동구 양재대로88길 27,127.1375921,37.5260751,강동구
서울특별시 강동구 올림픽로 795,127.1279082,37.5521687,강동구
서울특별시 강동구 올림픽로 837,127.1284369,37.5558399,강동구
서울특별시 강동구 올림픽로104길 36,127.131679477,37.5554704238,강동구
서울특별시 강동구 올림픽로80길 37,127.1273666,37.5431938,강동구
서울특별시 강동구 올림픽로93길 33-16,127.1243645,37.5497646,강동구
서울특별시 강동구 진황도로 160,127.1415805,37.531761,강동구
서울특별시 강동구 진황도로23길 7,127.1297892,37.5398986,강동구
서울특별시 강동구 진황도로61길 29,127.1460489,37.529447,강동구
서울특별시 강동구 천중로 64,127.1288199,37.5448184,강동구
서울특별시 강동구 천중로14길 33-5,127.1278081,37.5434629,강동구
서울특별시 강동구 천중로35길 37,127.137844603,37.5428867,강동구
서울특별시 강동구 천중로39길 43-1,127.1393804,37.5431379,강동구
서울특별시 강동구 천호대로 1477,127.1723531,37.5471517,강동구
서울특별시 강동구 천호대로187길 73-10,127.1426993,37.5378116,강동구
서울특별시 강동구 천호대로193길 23-3,127.1445702,37.5361816,강동구
서울특별시 강동구 천호대로199길 25,127.1478568,37.5377155,강동구
서울특별시 강동구 풍산로 235,127.1785799,37.5690817,강동구
서울특별시 강동구 풍성로 261,127.1413645,37.5283976,강동구
서울특별시 강동구 풍성로42길 22,127.1268502,37.5304122,강동구
서울특별시 강동구 풍성로63길 73,127.1396925,37.531341,강동구
서울특별시 강북구 덕릉로 45,127.01885,37.63465,강북구
서울특별시 강북구 덕릉로40길 48,127.03203,37.63375,강북구
서울특별시 강북구 도봉로13가길 19,127.02809,37.61468,강북구
서울특별시 강북구 도봉로29길 63-5,127.02448,37.61968,강북구
서울특별시 강북구 삼각산로 161,127.020988617,37.6423038128,강북구
서울특별시 강북구 삼양로107길 46,127.01413,37.6414975519,강북구
서울특별시 강북구 삼양로149길 12,127.01202,37.6541187599,강북구
서울특별시 강북구 삼양로159길 63,127.01042,37.65867,강북구
서울특별시 강북구 삼양로19길 141,127.01548,37.61608,강북구
서울특별시 강북구 삼양로20길 29,127.02373548,37.6149060968,강북구
서울특별시 강북구 삼양로41길 60,127.01686,37.6217,강북구
서울특별시 강북구 삼양로49길 17,127.016148646,37.6232937742,강북구
서울특별시 강북구 삼양로64길 32-20,127.01991,37.62782,강북구
서울특별시 강북구 삼양로73가길 47,127.015506277,37.6282961395,강북구
서울특별시 강북구 삼양로74길 39,127.02029,37.63125,강북구
서울특별시 강북구 삼양로79길 12,127.01702,37.6309988903,강북구
서울특별시 강북구 삼양로99길 36,127.015005391,37.6387115988,강북구
서울특별시 강북구 솔매로50가길 25,127.029714831,37.6238857893,강북구
서울특별시 강북구 솔매로52길 31,127.028872556,37.62514,강북구
서울특별시 강북구 솔샘로 159,127.012405758,37.6218238157,강북구
서울특별시 강북구 솔샘로 195,127.014131997,37.6215317016,강북구
서울특별시 강북구 수유로4길 58,127.02172,37.63207,강북구
서울특별시 강북구 오패산로 130,127.034254754,37.6135304055,강북구
서울특별시 강북구 오패산로 191,127.03261,37.6187457787,강북구
서울특별시 강북구 오현로 204,127.04001,37.62903,강북구
서울특별시 강북구 오현로 9,127.031465458,37.6170017897,강북구
서울특별시 강북구 오현로28길 11,127.03922,37.62785,강북구
서울특별시 강북구 오현로9길 27,127.03351,37.61783,강북구
서울특별시 강북구 월계로 221,127.046574693,37.6234190337,강북구
서울특별시 강북구 인수봉로 119-20,127.011922404,37.6309562675,강북구
서울특별시 강북구 인수봉로 269,127.009137006,37.6430513409,강북구
서울특별시 강북구 인수봉로 297,127.01048,37.64528,강북구
서울특별시 강북구 인수봉로37길 24,127.01141962,37.63232,강북구
서울특별시 강북구 인수봉로77길 10,127.01019,37.64463,강북구
서울특별시 강북구 한천로 124길 14,127.033205211,37.63732,강북구
서울특별시 강북구 한천로109길 57-15,127.04204,37.62764,강북구
서울특별시 강북구 한천로120길 3,127.03569,37.63491,강북구
서울특별시 강북구 한천로132길 27,127.02916,37.64014,강북구
서울특별시 강북구 한천로155길 38,127.01933,37.64393,강북구
서울특별시 강북구 한천로1길 15,127.01502,37.64303,강북구
서울특별시 광진구 광나루로56길 5,127.096159,37.538767,광진구
서울특별시 광진구 광장동 워커힐길32,127.096242,37.544266,광진구
서울특별시 광진구 광장동 워커힐로 32,127.096228,37.544337,광진구
서울특별시 광진구 광장로1길 27,127.092186,37.548462,광진구
서울특별시 광진구 광장로7길 17 (광장동),127.102936,37.548432,광진구
서울특별시 광진구 구의3동 구의 강변로 69,127.090076,37.537156,광진구
서울특별시 광진구 구의로4길 21 (구의동),127.090531,37.540118,광진구
서울특별시 광진구 뚝섬로 64길 71,127.087521,37.53074,광진구
서울특별시 광진구 뚝섬로 66길 14,127.087327,37.532906,광진구
서울특별시 광진구 뚝섬로64길 71,127.087521,37.531018,광진구
서울특별시 광진구 아차산로 552,127.100547,37.542183,광진구
서울특별시 광진구 아차산로 70길 35,127.098936,37.540822,광진구
서울특별시 광진구 아차산로499(광장동 청구),127.093437,37.543127,광진구
서울특별시 광진구 아차산로65길 65 (구의동),127.089659,37.542405,광진구
서울특별시 광진구 아차산로66길 8 (광장동),127.094937,37.541017,광진구
서울특별시 광진구 아차산로70길 40 (광장동),127.098381,37.541433,광진구
서울특별시 광진구 영화사로 105,127.095297,37.554126,광진구
서울특별시 광진구 영화사로 111,127.090046,37.55338,광진구
서울특별시 광진구 영화사로 89,127.093909,37.554876,광진구
서울특별시 광진구 자양로 296 (구의동),127.090381,37.552015,광진구
서울특별시 광진구 자양로 40길 41,127.089215,37.547682,광진구
서울특별시 광진구 자양로44길 91 (구의동),127.087477,37.550188,광진구
서울특별시 광진구 자양로4길 63,127.087327,37.532823,광진구
서울특별시 도봉구 노해로 149-5,127.025917,37.6482929,도봉구
서울특별시 도봉구 노해로 179,127.0279643,37.6508453,도봉구
서울특별시 도봉구 노해로 201-1,127.0305925,37.6510868,도봉구
서울특별시 도봉구 노해로 238,127.0344914,37.6509601,도봉구
서울특별시 도봉구 노해로 49길 69,127.0318063,37.6529105,도봉구
서울특별시 도봉구 노해로 69길 97,127.049333534,37.6568264215,도봉구
서울특별시 도봉구 노해로 70길 54,127.0509338,37.649242,도봉구
서울특별시 도봉구 노해로63가길 101,127.0456386,37.656749,도봉구
서울특별시 도봉구 노해로66길 21,127.04733036,37.650390623,도봉구
서울특별시 도봉구 노해로66길 84,127.0476797,37.6471695,도봉구
서울특별시 도봉구 노해로70길 96,127.0522016,37.6478402,도봉구
서울특별시 도봉구 덕릉로 272,127.0409612,37.6413368,도봉구
서울특별시 도봉구 덕릉로 60길 93,127.0421969,37.6361731,도봉구
서울특별시 도봉구 덕릉로 63가길 43,127.038777822,37.642922788,도봉구
서울특별시 도봉구 덕릉로62길 26,127.0413047,37.6400934,도봉구
서울특별시 도봉구 덕릉로62길 38,127.0418041,37.6397587,도봉구
서울특별시 도봉구 덕릉로62길 57-7,127.0428491,37.6396519,도봉구
서울특별시 도봉구 덕릉로63길 46,127.0415487,37.6429724,도봉구
서울특별시 도봉구 도당로13길 34-5,127.0349032,37.6664179,도봉구
서울특별시 도봉구 도당로9길 34,127.0321675,37.6640285,도봉구
서울특별시 도봉구 도봉로 134길,127.0404858,37.6573827,도봉구
서울특별시 도봉구 도봉로 134길,127.0408123,37.6575017,도봉구
서울특별시 도봉구 도봉로 145길,127.0373617,37.6652429,도봉구
서울특별시 도봉구 도봉로129길 54,127.0347544,37.6561144,도봉구
서울특별시 도봉구 도봉로134길 5,127.0405866,37.6575153,도봉구
서울특별시 도봉구 도봉로134길 6,127.0404264,37.6573644,도봉구
서울특별시 도봉구 도봉로136다길 4,127.0431592,37.6599068,도봉구
서울특별시 도봉구 도봉로167길 13,127.0440422,37.677656,도봉구
서울특별시 도봉구 도봉로173길 96,127.038218,37.6793783,도봉구
서울특별시 도봉구 마들로 339-13,127.0532892,37.6421639,도봉구
서울특별시 도봉구 마들로 567,127.047500213,37.6608707801,도봉구
서울특별시 도봉구 마들로 620,127.046668935,37.6654300761,도봉구
서울특별시 도봉구 마들로13길 166,127.0463946,37.6577174,도봉구
서울특별시 도봉구 마들로13길 252,127.045084329,37.6614988112,도봉구
서울특별시 도봉구 방학로 11길,127.0324535,37.6612213,도봉구
서울특별시 도봉구 방학로 247-21,127.0255131,37.6609904,도봉구
서울특별시 도봉구 방학로 32-28,127.0490956,37.663831,도봉구
서울특별시 도봉구 방학로2길 44,127.0410685,37.6648067,도봉구
서울특별시 도봉구 방학로3길 100,127.0389515,37.6588094,도봉구
서울특별시 도봉구 삼양로 574-38,127.01395,37.654152,도봉구
서울특별시 도봉구 삼양로146길 17,127.0139875,37.6532035,도봉구
서울특별시 도봉구 시루봉로 101,127.027457992,37.6598464251,도봉구
서울특별시 도봉구 시루봉로 173,127.0292294,37.6659578,도봉구
서울특별시 도봉구 시루봉로 285,127.0402882,37.6718842,도봉구
서울특별시 도봉구 시루봉로 53,127.0268289,37.655351,도봉구
서울특별시 도봉구 시루봉로 6길,127.0312223,37.6585731,도봉구
서울특별시 도봉구 시루봉로17길42,127.032581,37.6692804,도봉구
서울특별시 도봉구 우이천로 120,127.0408596,37.6326698,도봉구
서울특별시 도봉구 우이천로 360,127.024308,37.6489734,도봉구
서울특별시 도봉구 우이천로 487-1,127.015283,37.6565427,도봉구
서울특별시 도봉구 우이천로32길 38,127.0252286,37.6492018,도봉구
서울특별시 도봉구 평화로15번길 9-25,127.0421215,37.6945202,도봉구
서울특별시 도봉구 해등로12길 40,127.0430751,37.6528547,도봉구
서울특별시 도봉구 해등로16길 81,127.0446861,37.6551924,도봉구
서울특별시 도봉구 해등로26길 20,127.033096857,37.6586809094,도봉구
서울특별시 도봉구 해등로32길 11,127.0221014,37.6584988,도봉구
서울특별시 도봉구 해등로4길 9,127.0440451,37.6485286,도봉구
서울특별시 동대문구 경동시장로23길14,127.0394775,37.58574501,동대문구
서울특별시 동대문구 경희대로26,127.0548858,37.59395157,동대문구
서울특별시 동대문구 고산자로 518,127.0395874,37.5858976,동대문구
서울특별시 동대문구 고산자로28길 13,127.0391472,37.57530824,동대문구
서울특별시 동대문구 답십리로 320-1,127.0761257,37.5716501,동대문구
서울특별시 동대문구 답십리로 56,127.0471757,37.576049,동대문구
서울특별시 동대문구 답십리로23다길 26,127.0535852,37.58038946,동대문구
서울특별시 동대문구 답십리로48길 24,127.0577463,37.5717651,동대문구
서울특별시 동대문구 답십리로59가길14,127.0660298,37.57387476,동대문구
서울특별시 동대문구 답십리로60길 12,127.0642055,37.5718166,동대문구
서울특별시 동대문구 답십리로66길 3,127.0685733,37.57234503,동대문구
서울특별시 동대문구 답십리로69길 27,127.0732688,37.5738145,동대문구
서울특별시 동대문구 망우로10가길 15,127.0576884,37.5870878,동대문구
서울특별시 동대문구 망우로6길 48,127.0581161,37.5857622,동대문구
서울특별시 동대문구 무학로44길 25,127.0311722,37.5821589,동대문구
서울특별시 동대문구 사가정로 148,127.0604586,37.5764921,동대문구
서울특별시 동대문구 사가정로 190,127.0653602,37.5772892,동대문구
서울특별시 동대문구 사가정로 193,127.0659414,37.58008059,동대문구
서울특별시 동대문구 사가정로 30,127.0512824,37.57180206,동대문구
서울특별시 동대문구 사가정로 66,127.0542426,37.574489,동대문구
서울특별시 동대문구 사가정로25길 51,127.0706374,37.5811645,동대문구
서울특별시 동대문구 서울시립대로18길 17,127.0526528,37.5806654,동대문구
서울특별시 동대문구 신이문로 16,127.0641929,37.60204,동대문구
서울특별시 동대문구 약령시로 45,127.0347893,37.583038,동대문구
서울특별시 동대문구 약령시로5길 22,127.0342008,37.5839428,동대문구
서울특별시 동대문구 약령시로7길 19,127.0346575,37.58372345,동대문구
서울특별시 동대문구 외대역동로 118,127.0656487,37.59806481,동대문구
서울특별시 동대문구 이문로12길 20,127.059318,37.5928233,동대문구
서울특별시 동대문구 장안벚꽃로 205,127.0757645,37.57855561,동대문구
서울특별시 동대문구 장안벚꽃로 309,127.0701535,37.5859982,동대문구
서울특별시 동대문구 전농로 172,127.0562692,37.5805755,동대문구
서울특별시 동대문구 전농로16길 61,127.061138,37.57908644,동대문구
서울특별시 동대문구 전농로36길 29-3,127.0540414,37.5854619,동대문구
서울특별시 동대문구 천장산로 38-1,127.0577394,37.59934457,동대문구
서울특별시 동대문구 천호대로 177,127.0433249,37.5730675,동대문구
서울특별시 동대문구 천호대로13길 43,127.0288848,37.5757428,동대문구
서울특별시 동대문구 청계천로 547,127.0369829,37.5727806,동대문구
서울특별시 동대문구 한천로 246,127.0687172,37.5827783,동대문구
서울특별시 동대문구 한천로 434,127.0678844,37.59917356,동대문구
서울특별시 동대문구 한천로26길 23,127.067234,37.5716819,동대문구
서울특별시 동대문구 한천로26길 43,127.0682469,37.57128823,동대문구
서울특별시 동대문구 한천로33길 11,127.066994102,37.575674718,동대문구
서울특별시 동대문구 한천로58길 47,127.0685006,37.5999747,동대문구
서울특별시 동대문구 한천로63길 5-8,127.0667747,37.6039887,동대문구
서울특별시 동대문구 황물로 32,127.0453445,37.57405193,동대문구
서울특별시 동대문구 회기로 165,127.0544956,37.59067813,동대문구
서울특별시 동대문구 회기로 90,127.0474406,37.5909629,동대문구
서울특별시 동대문구 회기로10길 63,127.0477488,37.5891697,동대문구
서울특별시 동대문구 회기로25길 31,127.0558443,37.5919847,동대문구
서울특별시 동대문구 회기로25길 67,127.0567777,37.5926751,동대문구
서울특별시 성북구 길음로 142,127.0170282,37.6138873,성북구
서울특별시 성북구 길음로13길 29,127.0188388,37.6083303,성북구
서울특별시 성북구 길음로9길 113,127.0212171,37.6022014,성북구
서울특별시 성북구 길음로9길 50,127.0198289,37.6035622,성북구
서울특별시 성북구 길음로9길 73,127.0207318,37.6038832,성북구
서울특별시 성북구 돌곶이로 64,127.0586569,37.6094377,성북구
서울특별시 성북구 돌곶이로22길 21,127.0587533,37.6108657,성북구
서울특별시 성북구 돌곶이로32길 43,127.0534217,37.6166969,성북구
서울특별시 성북구 동소문로13길 38,127.0131031,37.5937453,성북구
서울특별시 성북구 동소문로34길 24,127.0233899,37.599028,성북구
서울특별시 성북구 보국문로 143,127.0049727,37.6157955,성북구
서울특별시 성북구 보국문로 68-1,127.0093532,37.6105577,성북구
서울특별시 성북구 보국문로16가길 82,127.0110915,37.6137458,성북구
서울특별시 성북구 보문로 98,127.0203641,37.5839926,성북구
서울특별시 성북구 보문로27길 15,127.0173862,37.5866709,성북구
서울특별시 성북구 보문로29길 106,127.0125195,37.5861798,성북구
서울특별시 성북구 보문로34다길 2,127.0221474,37.59165365,성북구
서울특별시 성북구 보문사길 18,127.0166844,37.5845945,성북구
서울특별시 성북구 보문사길 50,127.0168792,37.5828688,성북구
서울특별시 성북구 북악산로 870,127.0199016,37.5975051,성북구
서울특별시 성북구 북악산로 918,127.0232532,37.5938951,성북구
서울특별시 성북구 삼선교로18나길 18,127.0141472,37.5881919,성북구
서울특별시 성북구 삼양로 73,127.0226511,37.60954002,성북구
서울특별시 성북구 삼양로 74,127.0229093,37.6097121,성북구
서울특별시 성북구 삼양로 77,127.0215272,37.6105142,성북구
서울특별시 성북구 삼양로8가길 32,127.0247485,37.6087686,성북구
서울특별시 성북구 삼양로9길 14-17,127.0218298,37.6091192,성북구
서울특별시 성북구 서경로 108,127.0134264,37.6124264,성북구
서울특별시 성북구 서경로 166,127.010289,37.61630277,성북구
서울특별시 성북구 서경로 173,127.0091835,37.61603256,성북구
서울특별시 성북구 서경로2길 16,127.0157068,37.6048317,성북구
서울특별시 성북구 서경로6길 13,127.0163762,37.60713001,성북구
서울특별시 성북구 서경로8길 28-15,127.0167359,37.6089012,성북구
서울특별시 성북구 성북로 102-10,126.9987771,37.59405236,성북구
서울특별시 성북구 성북로 127,126.9950965,37.5940033,성북구
서울특별시 성북구 성북로 37,127.0032284,37.5910096,성북구
서울특별시 성북구 성북로4길 13-2,127.0059087,37.5896356,성북구
서울특별시 성북구 성북로4길 21,127.0061388,37.590043,성북구
서울특별시 성북구 성북로4길 52,127.0104379,37.5947663,성북구
서울특별시 성북구 성북로4길 52-1,127.011768,37.5956569,성북구
서울특별시 성북구 솔샘로 29,127.0049721,37.6101406,성북구
서울특별시 성북구 솔샘로25가길 8,127.0052212,37.6196747,성북구
서울특별시 성북구 솔샘로6마길 5,127.0078342,37.609716,성북구
서울특별시 성북구 아리랑로 63,127.0133571,37.5979453,성북구
서울특별시 성북구 아리랑로4길 45,127.017875,37.5958349,성북구
서울특별시 성북구 아리랑로5길 58,127.0121158,37.5972726,성북구
서울특별시 성북구 아리랑오16길 52,127.0160086,37.5991153,성북구
서울특별시 성북구 안암로 5,127.0235617,37.5790318,성북구
서울특별시 성북구 안암로7길 66,127.0234341,37.5821321,성북구
서울특별시 성북구 오패산로 21,127.0370454,37.60412684,성북구
서울특별시 성북구 오패산로 98-12,127.0358485,37.6111845,성북구
서울특별시 성북구 오패산로10길 27,127.0382868,37.6056621,성북구
서울특별시 성북구 오패산로16길 37,127.0383578,37.6086811,성북구
서울특별시 성북구 오패산로4길 39-1,127.0400044,37.6043786,성북구
서울특별시 성북구 월계로 124,127.0410615,37.6161682,성북구
서울특별시 성북구 월곡로 52,127.0391028,37.5969008,성북구
서울특별시 성북구 월곡로 74,127.0403502,37.598358,성북구
서울특별시 성북구 월곡로7길 72,127.0363501,37.5997815,성북구
서울특별시 성북구 인촌로7가길 39,127.022577,37.5871519,성북구
서울특별시 성북구 인촌로8길 5,127.0214146,37.5856466,성북구
서울특별시 성북구 장월로1가길 9,127.0439857,37.6062049,성북구
서울특별시 성북구 장월로23길 16,127.0479449,37.6167024,성북구
서울특별시 성북구 장월로3길 42,127.046418,37.6098764,성북구
서울특별시 성북구 장월로42길 9,127.0538718,37.6190738,성북구
서울특별시 성북구 장월로8가길 41,127.0499238,37.6118041,성북구
서울특별시 성북구 장위로 34,127.0404596,37.614081,성북구
서울특별시 성북구 장위로20길 17-7,127.0434906,37.6131154,성북구
서울특별시 성북구 정릉로 279,127.013379,37.6039265,성북구
서울특별시 성북구 정릉로 280,127.0143726,37.6030365,성북구
서울특별시 성북구 정릉로24길 58,127.0076054,37.6038358,성북구
서울특별시 성북구 정릉로29길 10,127.0158033,37.6038657,성북구
서울특별시 성북구 정릉로48길 52,127.0275455,37.6016762,성북구
서울특별시 성북구 정릉로8길 40-20,126.9970655,37.608359,성북구
서울특별시 성북구 정릉로9라길 11,127.0003392,37.6120423,성북구
서울특별시 성북구 종암로15길 1,127.0348009,37.5972387,성북구
서울특별시 성북구 종암로19길 18,127.033713,37.5987021,성북구
서울특별시 성북구 종암로19다길 4,127.0288147,37.5997846,성북구
서울특별시 성북구 종암로23길 11,127.0333264,37.5996973,성북구
서울특별시 성북구 종암로25길 17,127.0322171,37.5999242,성북구
서울특별시 성북구 종암로40길 30,127.0327961,37.6084672,성북구
서울특별시 성북구 종암로5길 14,127.0351047,37.5946714,성북구
서울특별시 성북구 종암로9길 78,127.032956,37.5973443,성북구
서울특별시 성북구 한천로 693,127.054774,37.6185837,성북구
서울특별시 성북구 한천로101길 66,127.0471649,37.621641,성북구
서울특별시 성북구 한천로58길 273,127.0697429,37.6087957,성북구
서울특별시 성북구 화랑로13길 17,127.0411906,37.6045234,성북구
서울특별시 성북구 화랑로30길 19,127.0556178,37.6096369,성북구
서울특별시 성북구 흥천사길 49-23,127.0074133,37.5983496,성북구
서울특별시 송파구 강동대로 13,127.1102661,37.529255,송파구
서울특별시 송파구 강동대로 62,127.1139792,37.5264896,송파구
서울특별시 송파구 강동대로3길 23,127.115429,37.5287737,송파구
서울특별시 송파구 거마로24길 11,127.1491268,37.499491,송파구
서울특별시 송파구 거마로24길 8-6,127.148035,37.4994528,송파구
서울특별시 송파구 동남로11길 27,127.126346,37.49213,송파구
서울특별시 송파구 동남로16길 3,127.1309801,37.4946844,송파구
서울특별시 송파구 마천로25길 18,127.1410936,37.5047528,송파구
서울특별시 송파구 마천로27길 4,127.140539,37.502546,송파구
서울특별시 송파구 마천로41길 12,127.148677,37.4970076735,송파구
서울특별시 송파구 마천로41길 14,127.1490677,37.4969515,송파구
서울특별시 송파구 마천로61다길 24,127.1524746,37.4954974,송파구
서울특별시 송파구 마천로61다길 28-7,127.1517511,37.495769,송파구
서울특별시 송파구 문정로 211,127.1398426,37.497352,송파구
서울특별시 송파구 문정로13길 13,127.135206,37.494297,송파구
서울특별시 송파구 문정로5길 20,127.128957,37.4884717,송파구
서울특별시 송파구 새말로8길 12,127.12578769,37.481381,송파구
서울특별시 송파구 성내천로 162,127.1463491,37.4996279,송파구
서울특별시 송파구 성내천로 200,127.1501433,37.5005356,송파구
서울특별시 송파구 성내천로 315,127.156427,37.492714,송파구
서울특별시 송파구 송이로17길 46,127.1246281,37.500971,송파구
서울특별시 송파구 송이로34길 60,127.1275633,37.4852891,송파구
서울특별시 송파구 송파대로26길 22,127.1228091,37.4914378,송파구
서울특별시 송파구 송파대로8길 17,127.1288062,37.47807,송파구
서울특별시 송파구 양산로2길 26,127.144733,37.4878179,송파구
서울특별시 송파구 양재대로 1196,127.1347813,37.5122054,송파구
서울특별시 송파구 양재대로 1264,127.1341356,37.5183539,송파구
서울특별시 송파구 오금로 475,127.142155,37.4945327,송파구
서울특별시 송파구 오금로29길 31,127.1219039,37.5091513,송파구
서울특별시 송파구 오금로40길 37,127.1293812,37.4965216,송파구
서울특별시 송파구 오금로57길 15,127.1429912,37.4962643,송파구
서울특별시 송파구 오금로57길 22,127.1436758,37.4955385,송파구
서울특별시 송파구 올림픽로 419,127.114124,37.520487,송파구
서울특별시 송파구 올림픽로35길 122,127.100154,37.517983,송파구
서울특별시 송파구 올림픽로35길 20(,127.111310141,37.5201866037,송파구
서울특별시 송파구 올림픽로37길 109,127.104713,37.5225856923,송파구
서울특별시 송파구 올림픽로37길 121,127.104801093,37.5217170549,송파구
서울특별시 송파구 올림픽로47길 9,127.1177482,37.5272233,송파구
서울특별시 송파구 위례광장로 243,127.14503993,37.4790857762,송파구
서울특별시 송파구 위례성대로 28,127.115039,37.516071,송파구
서울특별시 송파구 위례성대로10길 4,127.1205626,37.5130915,송파구
서울특별시 송파구 위례성대로22길 11,127.1317034,37.5091778,송파구
서울특별시 송파구 위례순환로 419,127.140967833,37.4780167024,송파구
서울특별시 송파구 위례순환로 439,127.1383172,37.4777421,송파구
서울특별시 송파구 중대로20길 47,127.130219,37.4973198,송파구
서울특별시 송파구 충민로 137,127.130244,37.482753,송파구
서울특별시 송파구 충민로6길 10,127.131429,37.4812623,송파구
서울특별시 송파구 충민로6길 15,127.1324901,37.4820482,송파구
서울특별시 송파구 충민로6길 17,127.1335388,37.4821,송파구
서울특별시 송파구 토성로 60,127.116554,37.5288075,송파구
서울특별시 송파구 토성로19길 35-1,127.1193467,37.5314675,송파구
서울특별시 송파구 풍성로 43,127.1174625,37.5348603,송파구
서울특별시 송파구 풍성로20길 44,127.1155695,37.5316979,송파구
서울특별시 송파구 풍성로25길 21-3,127.1204235,37.535373,송파구
서울특별시 종로구 낙산4길 24,127.0070179,37.579194,종로구
서울특별시 종로구 낙산5길 33,127.010937,37.5789295,종로구
서울특별시 종로구 낙산길250,127.013846,37.581239,종로구
서울특별시 종로구 낙산성곽동길 69,127.0085733,37.5785149,종로구
서울특별시 종로구 대학로12,127.003257,37.5728828,종로구
서울특별시 종로구 대학로3길 9,127.0013212,37.5738297,종로구
서울특별시 종로구 대학로64,127.0038022,37.577093,종로구
서울특별시 종로구 동망산길 62,127.016652,37.579374,종로구
서울특별시 종로구 성균관로13길66,126.994933,37.5913091,종로구
서울특별시 종로구 율곡로264,127.006604,37.5733219,종로구
서울특별시 종로구 종로65길 10,127.019976,37.574807,종로구
서울특별시 종로구 지봉로 73,127.0143822,37.5760326,종로구
서울특별시 종로구 지봉로13길 14,127.014631,37.5788167,종로구
서울특별시 종로구 창경궁로 296,127.003115,37.586802,종로구
서울특별시 종로구 혜화로 32,127.0000249,37.5888137,종로구
서울특별시 종로구 혜화로6길 80,127.0011512,37.590282,종로구
서울특별시 중랑구 공릉로 65,127.079322276,37.6164603559,중랑구
서울특별시 중랑구 동일로 126가길 11,127.083170854,37.597980214,중랑구
서울특별시 중랑구 동일로 138길 27,127.080825858,37.6033589544,중랑구
서울특별시 중랑구 동일로 149길 46,127.075837192,37.6065229379,중랑구
서울특별시 중랑구 동일로 665,127.079339,37.5900865407,중랑구
서울특별시 중랑구 동일로109길 31,127.078386,37.591641,중랑구
서울특별시 중랑구 동일로123길 125,127.073783,37.5999325876,중랑구
서울특별시 중랑구 동일로139라길 24,127.075005849,37.604148,중랑구
서울특별시 중랑구 동일로140길 15,127.079934,37.604325,중랑구
서울특별시 중랑구 동일로157길 75,127.073615,37.6090795027,중랑구
서울특별시 중랑구 망우로 72길 49,127.103840055,37.598738691,중랑구
서울특별시 중랑구 면목로 30나길 38,127.087667001,37.5772613416,중랑구
서울특별시 중랑구 면목로 434,127.087288729,37.5906972297,중랑구
서울특별시 중랑구 면목로23길 20,127.083439498,37.5748929885,중랑구
서울특별시 중랑구 면목로27길 85,127.080811,37.573952,중랑구
서울특별시 중랑구 면목로35길 21,127.084613,37.5781465129,중랑구
서울특별시 중랑구 면목로57길 32,127.08659412,37.5853530544,중랑구
서울특별시 중랑구 면목로61길 50,127.085535,37.585935,중랑구
서울특별시 중랑구 면목로88길 9,127.086921362,37.594150101,중랑구
서울특별시 중랑구 봉우재로 94-3,127.08371192,37.5917269514,중랑구
서울특별시 중랑구 봉우재로6길26,127.075503052,37.5896638101,중랑구
서울특별시 중랑구 봉화산로 188,127.093521529,37.6058146852,중랑구
서울특별시 중랑구 봉화산로 82,127.084144329,37.601635,중랑구
서울특별시 중랑구 상봉중앙로6길 57,127.090151179,37.6020259422,중랑구
서울특별시 중랑구 서울특별시 중랑구 송림길 114,127.07657,37.594978,중랑구
서울특별시 중랑구 송림길 114,127.104491417,37.6045765325,중랑구
서울특별시 중랑구 숙선옹주로 109,127.086812905,37.6177489018,중랑구
서울특별시 중랑구 신내로 15길 110,127.092407694,37.6135748802,중랑구
서울특별시 중랑구 신내로 21길 55,127.089859141,37.6153139538,중랑구
서울특별시 중랑구 신내로51,127.094726709,37.6059759021,중랑구
서울특별시 중랑구 신내로7가길 22,127.094066012,37.6029202731,중랑구
서울특별시 중랑구 신내로7다길 57,127.091758753,37.6016282675,중랑구
서울특별시 중랑구 신내역로1길 164,127.111328864,37.6179517644,중랑구
서울특별시 중랑구 용마공원로 5길 32,127.103548706,37.594475,중랑구
서울특별시 중랑구 용마산로 125나길 22,127.100154,37.6049335018,중랑구
서울특별시 중랑구 용마산로 70길 43,127.096549065,37.582402,중랑구
서울특별시 중랑구 용마산로100길 13,127.09979528,37.5920424099,중랑구
서울특별시 중랑구 용마산로118길 55,127.103770931,37.601161,중랑구
서울특별시 중랑구 용마산로45길 36,127.087173975,37.5738523443,중랑구
서울특별시 중랑구 중랑역로 35-1,127.075968475,37.5975273662,중랑구
서울특별시 중랑구 중랑역로 47,127.076707405,37.5981359581,중랑구
서울특별시도봉구 덕릉로62길 30,127.0415218,37.6399528,도봉구
서울특별시도봉구방학로10길40,127.0337501,37.663909,
서울시 노원구 월계2동 602,127.0531664,37.6300615,노원구
서울시 노원구 월계1동 470,127.0583403,37.620104,노원구
서울시 노원구 공릉2동 250,127.0839719,37.6220342,노원구
서울시 노원구 상계1동 1044,127.0538421,37.6729891,노원구
서울시 노원구 상계10동 697,127.0571879,37.6584916,노원구
서울시 노원구 상계1동 1014,127.0583945,37.6729961,노원구
서울시 노원구 공릉1동 371,127.073455,37.6277997,노원구
서울시 노원구 하계2동 340,127.0664204,37.6314498,노원구
서울시 노원구 월계2동 806-3,127.0497718,37.6280867,노원구
서울시 노원구 월계3동 3-7,127.0689066,37.6201563,노원구
서울시 노원구 월계3동 223,127.0636387,37.6306604,노원구
서울 노원구 한글비석로 566,127.0545338,37.665314,노원구
서울시 노원구 상계8동 621,127.051697,37.6703562,노원구
서울시 노원구 공릉동 610,127.0743124,37.6190947,노원구
서울시 노원구 공릉2동 126,127.0908683,37.6284101,노원구
서울시 노원구 공릉2동 116,127.0907314,37.6261807,노원구
서울시 노원구 공릉3동 709,127.1031045,37.6202094,노원구
서울시 노원구 월계동 271,127.0585939,37.6341554,노원구
서울시 노원구 상계6동 742,127.0583969,37.6486389,노원구
서울시 노원구 상계6동 768,127.0579053,37.6459862,노원구
서울 노원구 광운로17길 5-3,127.0590589,37.6221913,노원구
서울시 노원구 공릉동 408-6,127.0793393,37.6260598,노원구
서울시 노원구 상계6동 737-2,127.0585549,37.6518268,노원구
서울시 노원구 상계6동 740,127.0585831,37.6501743,노원구
서울시 노원구 상계6동 767-6,127.0595472,37.6472479,노원구
서울시 노원구 월계1동 435-5,127.0614119,37.6195839,노원구
서울시 노원구 공릉1동 499-7,127.0741992,37.6251733,노원구
서울 노원구 우이천로 102,127.0426625,37.6315737,노원구
서울시 노원구 월계동 320-9,127.0608833,37.6325809,노원구
서울시 노원구 월계동 820,127.0504465,37.6307731,노원구
서울시 노원구 공릉동 481-3,127.0744422,37.6301842,노원구
서울시 노원구 월계동 781,127.0517608,37.6316035,노원구
서울시 노원구 월계동 582,127.0541581,37.6295527,노원구
서울시 노원구 공릉2동 81 태강@,127.0832445,37.6236377,노원구
서울시 노원구 월계3동 322-1,127.0625158,37.6293273,노원구
서울시 노원구 상계1동 1096-1,127.051178,37.6761817,노원구
서울시 노원구 상계1동 1257,127.0524122,37.6796451,노원구
서울시 노원구 월계1동 411-46,127.0623901,37.6209009,노원구
서울시 노원구 공릉1동 569-22,127.0730646,37.6220051,노원구
서울시 노원구 공릉2동 77,127.0823875,37.6246152,노원구
서울시 노원구 상계1동1019-83,127.0576044,37.6715892,노원구
서울시 노원구 동일로227길 47,127.0543319,37.6669246,노원구
서울특별시 도봉구 도봉산3길 21,127.043941,37.6863357,도봉구
서울특별시 도봉구 마들로 859-44,127.0490694,37.6869304,도봉구
서울 노원구 한글비석로19길 39,127.0733248,37.6577525,노원구
서울시 노원구 상계2동 402-1,127.0659294,37.6591381,노원구
서울 노원구 중계로 178,127.0805747,37.6512619,노원구
서울 노원구 중계로 239,127.0733083,37.6506333,노원구
서울시 노원구 상계4동 111,127.0793227,37.6706197,노원구
서울시 노원구 하계1동 152,127.0729969,37.6342387,노원구
서울시 노원구 중계3동 510-7,127.0702881,37.6412089,노원구
서울시 노원구 상계7동 755,127.0648929,37.6516292,노원구
서울시 노원구 상계9동 645,127.0602315,37.6676352,노원구
서울 노원구 덕릉로76길 18,127.0749149,37.6544422,노원구
서울시 노원구 중계2동 502,127.0627998,37.643675,노원구
서울시 노원구 공릉2동 26-39,127.1105799,37.6419018,노원구
서울시 노원구 하계동 271,127.0641846,37.6373098,노원구
서울시 노원구 중계3동 513-1,127.0662919,37.6446671,노원구
서울시 노원구 중계3동 515-1,127.0675588,37.6483947,노원구
서울시 노원구 상계1동 1171-2,127.0545483,37.6840158,노원구
서울시 노원구 상계9동 638,127.0659975,37.6674014,노원구
서울시 노원구 상계10동 678,127.0624803,37.6623788,노원구
서울시 노원구 상계9동 641,127.0622322,37.6661101,노원구
서울시 노원구 상계5동 447-1,127.0680941,37.6629434,노원구
서울시 노원구 중계3동 511-2,127.0696523,37.6435986,노원구
서울시 노원구 중계동 505,127.0625711,37.6388337,노원구
서울시 노원구 하계1동 251,127.0715493,37.6391947,노원구
서울시 노원구 상계2동 320-1,127.0697294,37.6553093,노원구
서울시 노원구 하계동 256-5,127.0749579,37.6401235,노원구
서울시 노원구 하계2동 354,127.0616188,37.6357596,노원구
서울시 노원구 상계2동 363-2,127.0646253,37.6578374,노원구
서울시 노원구 상계7동 751-4,127.0654868,37.6521427,노원구
서울시 노원구 상계3동 1275-3,127.0787389,37.6645766,노원구
서울시 노원구 하계2동 273,127.0679151,37.6338288,노원구
서울시 노원구 상계3동 1293,127.0818153,37.6678352,노원구
서울 노원구 덕릉로79길 23,127.0730576,37.6567091,노원구
서울시 노원구 상계3동 1285,127.0796289,37.6669434,노원구
서울시 노원구 중계3동 512,127.0665541,37.6427188,노원구
서울시 노원구 상계6동 766-1,127.0610376,37.6461776,노원구
서울시 노원구 중계동 411-1 청암중내,127.0743588,37.651358,노원구
서울시 노원구 하계동 153-27,127.072461,37.6337686,노원구
서울시 노원구 상계1동 997 조흥한신@,127.060783,37.6732055,노원구
서울 노원구 동일로207길 23,127.0632431,37.6429813,노원구
서울시 노원구 중계동 515 건영2차@,127.0682766,37.649147,노원구
서울시 노원구 중계4동 358-6,127.0777169,37.656406,노원구
서울시 노원구 중계본동 91-1,127.0850094,37.6497553,노원구
서울시 노원구 한글비석로 281,127.0777305,37.652884,노원구
서울시 노원구 중계4동 131-4,127.0785108,37.6610286,노원구
서울시 노원구 상계10동 673,127.0610011,37.661212,노원구
서울시 노원구 중계본동 364-5,127.0807611,37.6500303,노원구
서울시 노원구 상계2동 430-5,127.0658664,37.6612577,노원구
서울시 노원구 상계7동 205-1,127.0646159,37.6479705,노원구
서울시 노원구 하계1동 252-13,127.0765132,37.6369303,노원구
서울시 노원구 상계4동 48-11,127.0832847,37.6719596,노원구
서울시 노원구 중계1동361-1,127.0727405,37.6467451,노원구
서울시 노원구 하계1동 288-1,127.073343,37.6443986,노원구
서울시 노원구 공릉로58길 24,127.0731353,37.6339573,노원구
서울시 노원구 공릉로59가길 13,127.0709266,37.6340676,노원구
서울시 노원구 중계로8길 17,127.0829796,37.6460917,노원구
